ID,URL (ostane),IME ZDAJ,IME NOVO (= H1),SEO TITLE,H1,ALT GLAVNE SLIKE,PRIMARNA KATEGORIJA,DODAJ KATEGORIJE,ODSTRANI KATEGORIJE,OPOMBA
3873,/003-porocni-prstani-razlicnih-dimenzij-iz-rumenega-zlata-z-brilijanti/,410 do 413 – Poročni prstani različnih dimenzij iz rumenega zlata z Brilijanti,410–413 – Poročni prstani različnih dimenzij iz rumenega zlata z briljanti,410–413 – Poročni prstani različnih dimenzij iz rumenega zlata z briljanti | Brežnik,410–413 – Poročni prstani različnih dimenzij iz rumenega zlata z briljanti,Poročni prstani različnih dimenzij model 410–413 iz rumenega zlata z briljanti – Zlatarna Brežnik,porocni-prstani,,,title 84 znakov (Google ga lahko skrajša)
2245,/005-zarocni-prstan/,005 – Zaročni prstan,005 – Zaročni prstan iz belega zlata,005 – Zaročni prstan iz belega zlata | Brežnik,005 – Zaročni prstan iz belega zlata,Zaročni prstan model 005 iz belega zlata – Zlatarna Brežnik,zarocni-prstani,,,material iz oznak: belo-zlato; zaročni + ostali: isto pravilo kot pri poročnih? (ni odločeno)
2246,/006-zarocni-prstan/,006- Zaročni prstan,006 – Zaročni prstan iz belega zlata,006 – Zaročni prstan iz belega zlata | Brežnik,006 – Zaročni prstan iz belega zlata,Zaročni prstan model 006 iz belega zlata – Zlatarna Brežnik,zarocni-prstani,,,material iz oznak: belo-zlato; zaročni + ostali: isto pravilo kot pri poročnih? (ni odločeno)
2243,/007-zarocni-prstan/,007 – Zaročni prstan,007 – Zaročni prstan iz belega zlata,007 – Zaročni prstan iz belega zlata | Brežnik,007 – Zaročni prstan iz belega zlata,Zaročni prstan model 007 iz belega zlata – Zlatarna Brežnik,zarocni-prstani,,,material iz oznak: belo-zlato; zaročni + ostali: isto pravilo kot pri poročnih? (ni odločeno)
2049,/008-porocna-prstana/,008 – Poročna prstana,008 – Poročna prstana iz belega zlata,008 – Poročna prstana iz belega zlata | Brežnik,008 – Poročna prstana iz belega zlata,Poročna prstana model 008 iz belega zlata – Zlatarna Brežnik,porocni-prstani,,,material iz oznak: beli-porocni-prstan
2238,/009-zarocni-prstan/,009- Zaročni prstan,009 – Zaročni prstan iz belega zlata,009 – Zaročni prstan iz belega zlata | Brežnik,009 – Zaročni prstan iz belega zlata,Zaročni prstan model 009 iz belega zlata – Zlatarna Brežnik,zarocni-prstani,,,material iz oznak: belo-zlato; zaročni + ostali: isto pravilo kot pri poročnih? (ni odločeno)
1989,/013-porocna-prstana-z-diamanti/,013 – Poročna prstana z diamanti,013 – Poročna prstana iz belega zlata z diamanti,013 – Poročna prstana iz belega zlata z diamanti | Brežnik,013 – Poročna prstana iz belega zlata z diamanti,Poročna prstana model 013 iz belega zlata z diamanti – Zlatarna Brežnik,porocni-prstani,,ostali-prstani,material iz oznak: beli-porocni-prstan
2006,/027-rocno-izdelana-porocna-prstana/,027 – Ročno izdelana poročna prstana,027 – Ročno izdelana poročna prstana iz belega zlata,027 – Ročno izdelana poročna prstana iz belega zlata | Brežnik,027 – Ročno izdelana poročna prstana iz belega zlata,Ročno izdelana poročna prstana model 027 iz belega zlata – Zlatarna Brežnik,porocni-prstani,,ostali-prstani,material iz oznak: beli-porocni-prstan; title 62 znakov (Google ga lahko skrajša)
1986,/028-porocna-prstana-z-diamanti/,028 – Poročna prstana z diamanti,028 – Poročna prstana iz belega zlata z diamanti,028 – Poročna prstana iz belega zlata z diamanti | Brežnik,028 – Poročna prstana iz belega zlata z diamanti,Poročna prstana model 028 iz belega zlata z diamanti – Zlatarna Brežnik,porocni-prstani,,ostali-prstani,material iz oznak: beli-porocni-prstan
2048,/034-porocna-prstana/,034 – Poročna prstana,034 – Poročna prstana iz belega zlata,034 – Poročna prstana iz belega zlata | Brežnik,034 – Poročna prstana iz belega zlata,Poročna prstana model 034 iz belega zlata – Zlatarna Brežnik,porocni-prstani,,,material iz oznak: beli-porocni-prstan
2103,/036-porocna-prstana/,036 – Poročna prstana,036 – Poročna prstana iz belega zlata,036 – Poročna prstana iz belega zlata | Brežnik,036 – Poročna prstana iz belega zlata,Poročna prstana model 036 iz belega zlata – Zlatarna Brežnik,porocni-prstani,,,material iz oznak: beli-porocni-prstan
3938,/039-porocna-prstana-iz-rumenega-zlata-in-enim-briljantom/,039 – Poročna prstana iz rumenega zlata in enim briljantom,039 – Poročna prstana iz rumenega zlata z enim briljantom,039 – Poročna prstana iz rumenega zlata z enim briljantom | Brežnik,039 – Poročna prstana iz rumenega zlata z enim briljantom,Poročna prstana model 039 iz rumenega zlata z enim briljantom – Zlatarna Brežnik,porocni-prstani,prstani-z-briljanti,,title 67 znakov (Google ga lahko skrajša)
2000,/039-porocna-prstana-z-prevleko-iz-crnega-rodija/,039 – Poročna prstana z prevleko iz črnega rodija,039 – Poročna prstana s prevleko iz črnega rodija,039 – Poročna prstana s prevleko iz črnega rodija | Brežnik,039 – Poročna prstana s prevleko iz črnega rodija,Poročna prstana model 039 s prevleko iz črnega rodija – Zlatarna Brežnik,porocni-prstani,,,
2214,/047-rocno-izdelana-porocna-prstana/,047- Ročno izdelana poročna prstana,047 – Ročno izdelana poročna prstana iz belega zlata,047 – Ročno izdelana poročna prstana iz belega zlata | Brežnik,047 – Ročno izdelana poročna prstana iz belega zlata,Ročno izdelana poročna prstana model 047 iz belega zlata – Zlatarna Brežnik,porocni-prstani,,ostali-prstani,material iz oznak: beli-porocni-prstan; title 62 znakov (Google ga lahko skrajša)
3469,/049-rocno-izdelana-porocna-prstana-iz-rdecega-in-belega-zlata/,049 – Ročno izdelana poročna prstana iz rdečega in belega zlata,049 – Ročno izdelana poročna prstana iz rdečega in belega zlata,049 – Ročno izdelana poročna prstana iz rdečega in belega zlata | Brežnik,049 – Ročno izdelana poročna prstana iz rdečega in belega zlata,Ročno izdelana poročna prstana model 049 iz rdečega in belega zlata – Zlatarna Brežnik,porocni-prstani,,,title 73 znakov (Google ga lahko skrajša)
1984,/050-porocna-prstana-z-diamanti/,050 – Poročna prstana z diamanti,050 – Poročna prstana iz belega zlata z diamanti,050 – Poročna prstana iz belega zlata z diamanti | Brežnik,050 – Poročna prstana iz belega zlata z diamanti,Poročna prstana model 050 iz belega zlata z diamanti – Zlatarna Brežnik,porocni-prstani,,ostali-prstani,material iz oznak: beli-porocni-prstan
2001,/051-porocna-prstana-z-diamanti-in-prevleko-iz-crnega-rodija/,051 – Poročna prstana z diamanti in prevleko iz črnega rodija,051 – Poročna prstana z diamanti in prevleko iz črnega rodija,051 – Poročna prstana z diamanti in prevleko iz črnega rodija | Brežnik,051 – Poročna prstana z diamanti in prevleko iz črnega rodija,Poročna prstana model 051 z diamanti in prevleko iz črnega rodija – Zlatarna Brežnik,porocni-prstani,,ostali-prstani,title 71 znakov (Google ga lahko skrajša)
1979,/052-bela-porocna-prstana/,052 – Bela poročna prstana,052 – Bela poročna prstana,052 – Bela poročna prstana | Brežnik,052 – Bela poročna prstana,"Bela poročna prstana, model 052 – Zlatarna Brežnik",porocni-prstani,,,
1981,/053-porocna-prstana-z-prevleko-iz-crnega-rodija/,053 – Poročna prstana z prevleko iz črnega rodija,053 – Poročna prstana s prevleko iz črnega rodija,053 – Poročna prstana s prevleko iz črnega rodija | Brežnik,053 – Poročna prstana s prevleko iz črnega rodija,Poročna prstana model 053 s prevleko iz črnega rodija – Zlatarna Brežnik,porocni-prstani,,ostali-prstani,
2206,/055-rocno-izdelana-porocna-prstana/,055 – Ročno izdelana poročna prstana,055 – Ročno izdelana poročna prstana iz kombiniranega zlata,055 – Ročno izdelana poročna prstana iz kombiniranega zlata | Brežnik,055 – Ročno izdelana poročna prstana iz kombiniranega zlata,Ročno izdelana poročna prstana model 055 iz kombiniranega zlata – Zlatarna Brežnik,porocni-prstani,,,material iz oznak: kombinirani-porocni-prstan; title 69 znakov (Google ga lahko skrajša)
3936,/057-porocna-prstana-iz-rumenega-zlata-in-briljanti/,057 – Poročna prstana iz rumenega zlata in briljanti,057 – Poročna prstana iz rumenega zlata z briljanti,057 – Poročna prstana iz rumenega zlata z briljanti | Brežnik,057 – Poročna prstana iz rumenega zlata z briljanti,Poročna prstana model 057 iz rumenega zlata z briljanti – Zlatarna Brežnik,porocni-prstani,prstani-z-briljanti,,title 61 znakov (Google ga lahko skrajša)
1993,/057-porocna-prstana/,057 – Poročna prstana,057 – Poročna prstana iz belega zlata,057 – Poročna prstana iz belega zlata | Brežnik,057 – Poročna prstana iz belega zlata,Poročna prstana model 057 iz belega zlata – Zlatarna Brežnik,porocni-prstani,,ostali-prstani,material iz oznak: beli-porocni-prstan
1982,/059-porocna-prstana-z-prevleko-iz-crnega-rodija/,059 – Poročna prstana z prevleko iz črnega rodija,059 – Poročna prstana s prevleko iz črnega rodija,059 – Poročna prstana s prevleko iz črnega rodija | Brežnik,059 – Poročna prstana s prevleko iz črnega rodija,Poročna prstana model 059 s prevleko iz črnega rodija – Zlatarna Brežnik,porocni-prstani,,ostali-prstani,
1987,/060-porocna-prstana-z-diamanti/,060 – Poročna prstana z diamanti,060 – Poročna prstana iz belega zlata z diamanti,060 – Poročna prstana iz belega zlata z diamanti | Brežnik,060 – Poročna prstana iz belega zlata z diamanti,Poročna prstana model 060 iz belega zlata z diamanti – Zlatarna Brežnik,porocni-prstani,,ostali-prstani,material iz oznak: beli-porocni-prstan
1996,/061-porocna-prstana-z-diamanti-in-prevleko-iz-crnega-rodija/,061 – Poročna prstana z diamanti in prevleko iz črnega rodija,061 – Poročna prstana z diamanti in prevleko iz črnega rodija,061 – Poročna prstana z diamanti in prevleko iz črnega rodija | Brežnik,061 – Poročna prstana z diamanti in prevleko iz črnega rodija,Poročna prstana model 061 z diamanti in prevleko iz črnega rodija – Zlatarna Brežnik,porocni-prstani,,ostali-prstani,title 71 znakov (Google ga lahko skrajša)
1994,/062-porocna-prstana-z-diamanti/,062 – Poročna prstana z diamanti,062 – Poročna prstana iz belega zlata z diamanti,062 – Poročna prstana iz belega zlata z diamanti | Brežnik,062 – Poročna prstana iz belega zlata z diamanti,Poročna prstana model 062 iz belega zlata z diamanti – Zlatarna Brežnik,porocni-prstani,,ostali-prstani,material iz oznak: beli-porocni-prstan
1998,/065-porocna-prstana-z-diamanti/,065 – Poročna prstana z diamanti,065 – Poročna prstana iz kombiniranega zlata z diamanti,065 – Poročna prstana iz kombiniranega zlata z diamanti | Brežnik,065 – Poročna prstana iz kombiniranega zlata z diamanti,Poročna prstana model 065 iz kombiniranega zlata z diamanti – Zlatarna Brežnik,porocni-prstani,,ostali-prstani,material iz oznak: kombinirani-porocni-prstan; title 65 znakov (Google ga lahko skrajša)
1991,/066-porocna-prstana/,066 – Poročna prstana,066 – Poročna prstana iz belega zlata,066 – Poročna prstana iz belega zlata | Brežnik,066 – Poročna prstana iz belega zlata,Poročna prstana model 066 iz belega zlata – Zlatarna Brežnik,porocni-prstani,,,material iz oznak: beli-porocni-prstan
3228,/067-porocna-prstana/,067 – Poročna prstana,067 – Poročna prstana,067 – Poročna prstana | Brežnik,067 – Poročna prstana,"Poročna prstana, model 067 – Zlatarna Brežnik",porocni-prstani,,,
3232,/068-porocna-prstana/,068 – Poročna prstana,068 – Poročna prstana,068 – Poročna prstana | Brežnik,068 – Poročna prstana,"Poročna prstana, model 068 – Zlatarna Brežnik",porocni-prstani,,,
1992,/070-porocna-prstana-z-diamanti/,070 – Poročna prstana z diamanti,070 – Poročna prstana iz belega zlata z diamanti,070 – Poročna prstana iz belega zlata z diamanti | Brežnik,070 – Poročna prstana iz belega zlata z diamanti,Poročna prstana model 070 iz belega zlata z diamanti – Zlatarna Brežnik,porocni-prstani,prstani-z-briljanti,,material iz oznak: beli-porocni-prstan
1995,/072-porocna-prstana/,072 – Poročna prstana,072 – Poročna prstana iz belega zlata,072 – Poročna prstana iz belega zlata | Brežnik,072 – Poročna prstana iz belega zlata,Poročna prstana model 072 iz belega zlata – Zlatarna Brežnik,porocni-prstani,,,material iz oznak: beli-porocni-prstan
1999,/073-porocna-prstana-z-diamanti/,073 – Poročna prstana z diamanti,073 – Poročna prstana iz kombiniranega zlata z diamanti,073 – Poročna prstana iz kombiniranega zlata z diamanti | Brežnik,073 – Poročna prstana iz kombiniranega zlata z diamanti,Poročna prstana model 073 iz kombiniranega zlata z diamanti – Zlatarna Brežnik,porocni-prstani,,ostali-prstani,material iz oznak: kombinirani-porocni-prstan; title 65 znakov (Google ga lahko skrajša)
1997,/074-porocna-prstana-z-diamanti-in-prevleko-iz-crnega-rodija/,074 – Poročna prstana z diamanti in prevleko iz črnega rodija,074 – Poročna prstana z diamanti in prevleko iz črnega rodija,074 – Poročna prstana z diamanti in prevleko iz črnega rodija | Brežnik,074 – Poročna prstana z diamanti in prevleko iz črnega rodija,Poročna prstana model 074 z diamanti in prevleko iz črnega rodija – Zlatarna Brežnik,porocni-prstani,,ostali-prstani,title 71 znakov (Google ga lahko skrajša)
2317,/075-kombiniran-porocni-prstan/,075 – Kombiniran poročni prstan,075 – Kombiniran poročni prstan,075 – Kombiniran poročni prstan | Brežnik,075 – Kombiniran poročni prstan,"Kombiniran poročni prstan, model 075 – Zlatarna Brežnik",porocni-prstani,,ostali-prstani,
1962,/077-unikatna-rocno-izdelana-porocna-prstana/,077 – Unikatna ročno izdelana poročna prstana,077 – Unikatna ročno izdelana poročna prstana iz belega zlata,077 – Unikatna ročno izdelana poročna prstana iz belega zlata | Brežnik,077 – Unikatna ročno izdelana poročna prstana iz belega zlata,Unikatna ročno izdelana poročna prstana model 077 iz belega zlata – Zlatarna Brežnik,porocni-prstani,,,material iz oznak: beli-porocni-prstan; title 71 znakov (Google ga lahko skrajša)
1983,/078-porocna-prstana-z-diamanti/,078 – Poročna prstana z diamanti,078 – Poročna prstana iz belega zlata z diamanti,078 – Poročna prstana iz belega zlata z diamanti | Brežnik,078 – Poročna prstana iz belega zlata z diamanti,Poročna prstana model 078 iz belega zlata z diamanti – Zlatarna Brežnik,porocni-prstani,,ostali-prstani,material iz oznak: beli-porocni-prstan
1973,/079-porocna-prstana-z-diamanti/,079 – Poročna prstana z diamanti,079 – Poročna prstana iz belega zlata z diamanti,079 – Poročna prstana iz belega zlata z diamanti | Brežnik,079 – Poročna prstana iz belega zlata z diamanti,Poročna prstana model 079 iz belega zlata z diamanti – Zlatarna Brežnik,porocni-prstani,prstani-z-briljanti,,"material iz oznak: beli-porocni-prstan,belo-zlato"
1975,/082-bela-porocna-prstana/,082 – Bela poročna prstana,082 – Bela poročna prstana,082 – Bela poročna prstana | Brežnik,082 – Bela poročna prstana,"Bela poročna prstana, model 082 – Zlatarna Brežnik",porocni-prstani,,,
1990,/083-porocna-prstana-z-diamanti/,083 – Poročna prstana z diamanti,083 – Poročna prstana iz belega zlata z diamanti,083 – Poročna prstana iz belega zlata z diamanti | Brežnik,083 – Poročna prstana iz belega zlata z diamanti,Poročna prstana model 083 iz belega zlata z diamanti – Zlatarna Brežnik,porocni-prstani,,ostali-prstani,material iz oznak: beli-porocni-prstan
3233,/084-porocna-prstana/,084 – Poročna prstana,084 – Poročna prstana,084 – Poročna prstana | Brežnik,084 – Poročna prstana,"Poročna prstana, model 084 – Zlatarna Brežnik",porocni-prstani,,,
2105,/085-porocna-prstana/,085 – Poročna prstana,085 – Poročna prstana iz kombiniranega zlata,085 – Poročna prstana iz kombiniranega zlata | Brežnik,085 – Poročna prstana iz kombiniranega zlata,Poročna prstana model 085 iz kombiniranega zlata – Zlatarna Brežnik,porocni-prstani,,,material iz oznak: kombinirani-porocni-prstan
3854,/086-porocna-prstana/,086 – Poročna prstana,086 – Poročna prstana,086 – Poročna prstana | Brežnik,086 – Poročna prstana,"Poročna prstana, model 086 – Zlatarna Brežnik",porocni-prstani,,,
1966,/087-unikatna-porocna-prstana/,087 – Unikatna poročna prstana,087 – Unikatna poročna prstana iz belega zlata,087 – Unikatna poročna prstana iz belega zlata | Brežnik,087 – Unikatna poročna prstana iz belega zlata,Unikatna poročna prstana model 087 iz belega zlata – Zlatarna Brežnik,porocni-prstani,,,material iz oznak: beli-porocni-prstan
3225,/089-porocna-prstana/,089 – Poročna prstana,089 – Poročna prstana,089 – Poročna prstana | Brežnik,089 – Poročna prstana,"Poročna prstana, model 089 – Zlatarna Brežnik",porocni-prstani,,,
1980,/102-bela-porocna-prstana/,102 – Bela poročna prstana,102 – Bela poročna prstana,102 – Bela poročna prstana | Brežnik,102 – Bela poročna prstana,"Bela poročna prstana, model 102 – Zlatarna Brežnik",porocni-prstani,,,
1976,/106-bela-porocna-prstana/,106 – Bela poročna prstana,106 – Bela poročna prstana,106 – Bela poročna prstana | Brežnik,106 – Bela poročna prstana,"Bela poročna prstana, model 106 – Zlatarna Brežnik",porocni-prstani,,,
2113,/107-porocna-prstana/,107 – Poročna prstana,107 – Poročna prstana iz belega zlata,107 – Poročna prstana iz belega zlata | Brežnik,107 – Poročna prstana iz belega zlata,Poročna prstana model 107 iz belega zlata – Zlatarna Brežnik,porocni-prstani,,,material iz oznak: beli-porocni-prstan
1974,/108-porocna-prstana-z-diamanti/,108 – Poročna prstana z diamanti,108 – Poročna prstana iz belega zlata z diamanti,108 – Poročna prstana iz belega zlata z diamanti | Brežnik,108 – Poročna prstana iz belega zlata z diamanti,Poročna prstana model 108 iz belega zlata z diamanti – Zlatarna Brežnik,porocni-prstani,prstani-z-briljanti,,material iz oznak: beli-porocni-prstan
2106,/113-porocna-prstana/,113 – Poročna prstana,113 – Poročna prstana iz kombiniranega zlata,113 – Poročna prstana iz kombiniranega zlata | Brežnik,113 – Poročna prstana iz kombiniranega zlata,Poročna prstana model 113 iz kombiniranega zlata – Zlatarna Brežnik,porocni-prstani,,,material iz oznak: kombinirani-porocni-prstan
2047,/114-unikatna-rocno-izdelana-porocna-prstana/,114 – Unikatna ročno izdelana poročna prstana,114 – Unikatna ročno izdelana poročna prstana iz belega zlata,114 – Unikatna ročno izdelana poročna prstana iz belega zlata | Brežnik,114 – Unikatna ročno izdelana poročna prstana iz belega zlata,Unikatna ročno izdelana poročna prstana model 114 iz belega zlata – Zlatarna Brežnik,porocni-prstani,,ostali-prstani,material iz oznak: beli-porocni-prstan; title 71 znakov (Google ga lahko skrajša)
2204,/115-rocno-izdelana-porocna-prstana/,115-Rocno izdelana poročna prstana,115 – Ročno izdelana poročna prstana iz belega zlata,115 – Ročno izdelana poročna prstana iz belega zlata | Brežnik,115 – Ročno izdelana poročna prstana iz belega zlata,Ročno izdelana poročna prstana model 115 iz belega zlata – Zlatarna Brežnik,porocni-prstani,,,material iz oznak: beli-porocni-prstan; title 62 znakov (Google ga lahko skrajša)
2014,/116-posebni-unikatno-rocno-izdelana-porocna-prstana/,116 – Posebni – unikatno ročno izdelana poročna prstana,116 – Posebni – unikatno ročno izdelana poročna prstana iz belega zlata,116 – Posebni – unikatno ročno izdelana poročna prstana iz belega zlata | Brežnik,116 – Posebni – unikatno ročno izdelana poročna prstana iz belega zlata,Posebni – unikatno ročno izdelana poročna prstana model 116 iz belega zlata – Zlatarna Brežnik,porocni-prstani,,,material iz oznak: beli-porocni-prstan; title 81 znakov (Google ga lahko skrajša)
1794,/117-unikatna-porocna-prstana/,117 – Unikatna poročna prstana,117 – Unikatna poročna prstana iz kombiniranega zlata,117 – Unikatna poročna prstana iz kombiniranega zlata | Brežnik,117 – Unikatna poročna prstana iz kombiniranega zlata,Unikatna poročna prstana model 117 iz kombiniranega zlata – Zlatarna Brežnik,porocni-prstani,,,material iz oznak: kombinirani-porocni-prstan; title 63 znakov (Google ga lahko skrajša)
1893,/118-porocna-prstana/,118 – Poročna prstana,118 – Poročna prstana iz kombiniranega zlata,118 – Poročna prstana iz kombiniranega zlata | Brežnik,118 – Poročna prstana iz kombiniranega zlata,Poročna prstana model 118 iz kombiniranega zlata – Zlatarna Brežnik,porocni-prstani,,,material iz oznak: kombinirani-porocni-prstan
3456,/118-rocno-izdelana-porocna-prstana-iz-belega-in-rumenega-zlata/,118 – Ročno izdelana poročna prstana iz belega in rumenega zlata,118 – Ročno izdelana poročna prstana iz belega in rumenega zlata,118 – Ročno izdelana poročna prstana iz belega in rumenega zlata | Brežnik,118 – Ročno izdelana poročna prstana iz belega in rumenega zlata,Ročno izdelana poročna prstana model 118 iz belega in rumenega zlata – Zlatarna Brežnik,porocni-prstani,,,title 74 znakov (Google ga lahko skrajša)
1890,/119-rocno-izdelana-porocna-prstana/,119 – Ročno izdelana poročna prstana,119 – Ročno izdelana poročna prstana iz kombiniranega zlata,119 – Ročno izdelana poročna prstana iz kombiniranega zlata | Brežnik,119 – Ročno izdelana poročna prstana iz kombiniranega zlata,Ročno izdelana poročna prstana model 119 iz kombiniranega zlata – Zlatarna Brežnik,porocni-prstani,,,material iz oznak: kombinirani-porocni-prstan; title 69 znakov (Google ga lahko skrajša)
1958,/121-porocna-prstana-z-vijugastimi-utori/,121- Poročna prstana z vijugastimi utori,121 – Poročna prstana iz rumenega zlata z vijugastimi utori,121 – Poročna prstana iz rumenega zlata z vijugastimi utori | Brežnik,121 – Poročna prstana iz rumenega zlata z vijugastimi utori,Poročna prstana model 121 iz rumenega zlata z vijugastimi utori – Zlatarna Brežnik,porocni-prstani,,,material iz oznak: rumeni-porocni-prstan; title 69 znakov (Google ga lahko skrajša)
1948,/122-porocni-prstani/,122- Poročni prstani,122 – Poročni prstani iz rumenega zlata,122 – Poročni prstani iz rumenega zlata | Brežnik,122 – Poročni prstani iz rumenega zlata,Poročni prstani model 122 iz rumenega zlata – Zlatarna Brežnik,porocni-prstani,,,material iz oznak: rumeni-porocni-prstan
2044,/123-porocna-prstana/,123 – Poročna prstana,123 – Poročna prstana iz kombiniranega zlata,123 – Poročna prstana iz kombiniranega zlata | Brežnik,123 – Poročna prstana iz kombiniranega zlata,Poročna prstana model 123 iz kombiniranega zlata – Zlatarna Brežnik,porocni-prstani,,,material iz oznak: kombinirani-porocni-prstan
1967,/124-unikatna-porocna-prstana/,124 – Unikatna poročna prstana,124 – Unikatna poročna prstana iz belega zlata,124 – Unikatna poročna prstana iz belega zlata | Brežnik,124 – Unikatna poročna prstana iz belega zlata,Unikatna poročna prstana model 124 iz belega zlata – Zlatarna Brežnik,porocni-prstani,,,material iz oznak: beli-porocni-prstan
2212,/125-unikatna-rocno-narejena-porocna-prstana/,125-unikatna rocno narejena porocna prstana,125 – Unikatna ročno narejena poročna prstana iz kombiniranega zlata,125 – Unikatna ročno narejena poročna prstana iz kombiniranega zlata | Brežnik,125 – Unikatna ročno narejena poročna prstana iz kombiniranega zlata,Unikatna ročno narejena poročna prstana model 125 iz kombiniranega zlata – Zlatarna Brežnik,porocni-prstani,,ostali-prstani,material iz oznak: kombinirani-porocni-prstan; title 78 znakov (Google ga lahko skrajša)
1957,/126-unikatna-rocno-izdelana-in-topljena-porocna-prstana/,126 – Unikatna ročno izdelana in topljena poročna prstana,126 – Unikatna ročno izdelana in topljena poročna prstana iz kombiniranega zlata,126 – Unikatna ročno izdelana in topljena poročna prstana iz kombiniranega zlata | Brežnik,126 – Unikatna ročno izdelana in topljena poročna prstana iz kombiniranega zlata,Unikatna ročno izdelana in topljena poročna prstana model 126 iz kombiniranega zlata – Zlatarna Brežnik,porocni-prstani,,,material iz oznak: kombinirani-porocni-prstan; title 90 znakov (Google ga lahko skrajša)
1965,/127-unikatna-porocna-prstana/,127 – Unikatna poročna prstana,127 – Unikatna poročna prstana iz kombiniranega zlata,127 – Unikatna poročna prstana iz kombiniranega zlata | Brežnik,127 – Unikatna poročna prstana iz kombiniranega zlata,Unikatna poročna prstana model 127 iz kombiniranega zlata – Zlatarna Brežnik,porocni-prstani,,,material iz oznak: kombinirani-porocni-prstan; title 63 znakov (Google ga lahko skrajša)
2116,/128-unikatna-porocna-prstana-z-rubinom-smaragdom-in-safirjem/,"128 – Unikatna poročna prstana z rubinom, smaragdom in safirjem","128 – Unikatna poročna prstana iz belega zlata z rubinom, smaragdom in safirjem","128 – Unikatna poročna prstana iz belega zlata z rubinom, smaragdom in safirjem | Brežnik","128 – Unikatna poročna prstana iz belega zlata z rubinom, smaragdom in safirjem","Unikatna poročna prstana model 128 iz belega zlata z rubinom, smaragdom in safirjem – Zlatarna Brežnik",porocni-prstani,,,"material iz oznak: beli-porocni-prstan,belo-zlato; title 89 znakov (Google ga lahko skrajša)"
2031,/129-porocna-prstana-matirana-in-crta-je-gladka/,129 – Poročna prstana matirana in črta je gladka,"129 – Poročna prstana matirana in črta je gladka, belo zlato","129 – Poročna prstana matirana in črta je gladka, belo zlato | Brežnik","129 – Poročna prstana matirana in črta je gladka, belo zlato","Poročna prstana matirana in črta je gladka, belo zlato, model 129 – Zlatarna Brežnik",porocni-prstani,,ostali-prstani,material iz oznak: beli-porocni-prstan; title 70 znakov (Google ga lahko skrajša)
1892,/130-porocna-prstana/,130 – Poročna prstana,130 – Poročna prstana iz belega zlata,130 – Poročna prstana iz belega zlata | Brežnik,130 – Poročna prstana iz belega zlata,Poročna prstana model 130 iz belega zlata – Zlatarna Brežnik,porocni-prstani,,,material iz oznak: beli-porocni-prstan
2011,/131-porocna-prstana-z-diamanti/,131 – Poročna prstana z diamanti,131 – Poročna prstana iz belega zlata z diamanti,131 – Poročna prstana iz belega zlata z diamanti | Brežnik,131 – Poročna prstana iz belega zlata z diamanti,Poročna prstana model 131 iz belega zlata z diamanti – Zlatarna Brežnik,porocni-prstani,,ostali-prstani,material iz oznak: beli-porocni-prstan
2216,/132-unikatna-porocna-prstana/,132 – Unikatna poročna prstana,132 – Unikatna poročna prstana iz belega zlata,132 – Unikatna poročna prstana iz belega zlata | Brežnik,132 – Unikatna poročna prstana iz belega zlata,Unikatna poročna prstana model 132 iz belega zlata – Zlatarna Brežnik,porocni-prstani,,,material iz oznak: beli-porocni-prstan
2100,/134-posebna-unikatno-rocno-izdelana-porocna-prstana/,134 – Posebna unikatno ročno izdelana poročna prstana,134 – Posebna unikatno ročno izdelana poročna prstana iz belega zlata,134 – Posebna unikatno ročno izdelana poročna prstana iz belega zlata | Brežnik,134 – Posebna unikatno ročno izdelana poročna prstana iz belega zlata,Posebna unikatno ročno izdelana poročna prstana model 134 iz belega zlata – Zlatarna Brežnik,porocni-prstani,,,material iz oznak: beli-porocni-prstan; title 79 znakov (Google ga lahko skrajša)
2009,/135-porocna-prstana/,135 – Poročna prstana,135 – Poročna prstana iz belega zlata,135 – Poročna prstana iz belega zlata | Brežnik,135 – Poročna prstana iz belega zlata,Poročna prstana model 135 iz belega zlata – Zlatarna Brežnik,porocni-prstani,,ostali-prstani,material iz oznak: beli-porocni-prstan
1956,/136-unikatna-siroka-rocno-izdelana-in-topljena-porocna-prstana/,136- Unikatna široka ročno izdelana in topljena poročna prstana,136 – Unikatna široka ročno izdelana in topljena poročna prstana iz rumenega zlata,136 – Unikatna široka ročno izdelana in topljena poročna prstana iz rumenega zlata | Brežnik,136 – Unikatna široka ročno izdelana in topljena poročna prstana iz rumenega zlata,Unikatna široka ročno izdelana in topljena poročna prstana model 136 iz rumenega zlata – Zlatarna Brežnik,porocni-prstani,,,material iz oznak: rumeni-porocni-prstan; title 92 znakov (Google ga lahko skrajša)
2241,/137-posebni-unikatni-rocno-izdelani-porocni-prstani/,137 – Posebni – unikatni ročno izdelani poročni prstani,137 – Posebni – unikatni ročno izdelani poročni prstani iz rumenega zlata,137 – Posebni – unikatni ročno izdelani poročni prstani iz rumenega zlata | Brežnik,137 – Posebni – unikatni ročno izdelani poročni prstani iz rumenega zlata,Posebni – unikatni ročno izdelani poročni prstani model 137 iz rumenega zlata – Zlatarna Brežnik,porocni-prstani,,,material iz oznak: rumeni-porocni-prstan; title 83 znakov (Google ga lahko skrajša)
2237,/138-unikatna-tanjsa-rocno-izdelana-in-topljena-porocna-prstana/,138- Unikatna tanjša ročno izdelana in topljena poročna prstana,138 – Unikatna tanjša ročno izdelana in topljena poročna prstana iz rumenega zlata,138 – Unikatna tanjša ročno izdelana in topljena poročna prstana iz rumenega zlata | Brežnik,138 – Unikatna tanjša ročno izdelana in topljena poročna prstana iz rumenega zlata,Unikatna tanjša ročno izdelana in topljena poročna prstana model 138 iz rumenega zlata – Zlatarna Brežnik,porocni-prstani,,,material iz oznak: rumeni-porocni-prstan; title 92 znakov (Google ga lahko skrajša)
1961,/139-unikatna-rocno-izdelana-porocna-prstana/,139 – Unikatna ročno izdelana poročna prstana,139 – Unikatna ročno izdelana poročna prstana iz belega zlata,139 – Unikatna ročno izdelana poročna prstana iz belega zlata | Brežnik,139 – Unikatna ročno izdelana poročna prstana iz belega zlata,Unikatna ročno izdelana poročna prstana model 139 iz belega zlata – Zlatarna Brežnik,porocni-prstani,,,material iz oznak: beli-porocni-prstan; title 71 znakov (Google ga lahko skrajša)
1955,/141-unikatna-rocno-izdelana-porocna-prstana/,141- Unikatna ročno izdelana poročna prstana,141 – Unikatna ročno izdelana poročna prstana iz rumenega zlata,141 – Unikatna ročno izdelana poročna prstana iz rumenega zlata | Brežnik,141 – Unikatna ročno izdelana poročna prstana iz rumenega zlata,Unikatna ročno izdelana poročna prstana model 141 iz rumenega zlata – Zlatarna Brežnik,porocni-prstani,,,material iz oznak: rumeni-porocni-prstan; title 73 znakov (Google ga lahko skrajša)
2051,/143-rocno-izdelana-porocna-prstana/,143 – Ročno izdelana poročna prstana,143 – Ročno izdelana poročna prstana iz rdečega zlata,143 – Ročno izdelana poročna prstana iz rdečega zlata | Brežnik,143 – Ročno izdelana poročna prstana iz rdečega zlata,Ročno izdelana poročna prstana model 143 iz rdečega zlata – Zlatarna Brežnik,porocni-prstani,,,material iz oznak: rdeci-porocni-prstan; title 63 znakov (Google ga lahko skrajša)
2046,/144-porocna-prstana/,144 – Poročna prstana,144 – Poročna prstana iz belega zlata,144 – Poročna prstana iz belega zlata | Brežnik,144 – Poročna prstana iz belega zlata,Poročna prstana model 144 iz belega zlata – Zlatarna Brežnik,porocni-prstani,,ostali-prstani,material iz oznak: beli-porocni-prstan
1895,/145-rocno-izdelana-porocna-prstana/,145 – Ročno izdelana poročna prstana,145 – Ročno izdelana poročna prstana iz belega zlata,145 – Ročno izdelana poročna prstana iz belega zlata | Brežnik,145 – Ročno izdelana poročna prstana iz belega zlata,Ročno izdelana poročna prstana model 145 iz belega zlata – Zlatarna Brežnik,porocni-prstani,,,material iz oznak: beli-porocni-prstan; title 62 znakov (Google ga lahko skrajša)
2099,/146-porocna-prstana-siroka-sedem-milimetrov/,146 – Poročna prstana široka sedem milimetrov,"146 – Poročna prstana široka sedem milimetrov, belo zlato","146 – Poročna prstana široka sedem milimetrov, belo zlato | Brežnik","146 – Poročna prstana široka sedem milimetrov, belo zlato","Poročna prstana široka sedem milimetrov, belo zlato, model 146 – Zlatarna Brežnik",porocni-prstani,,ostali-prstani,material iz oznak: beli-porocni-prstan; title 67 znakov (Google ga lahko skrajša)
2210,/147-porocna-prstana/,147-porocna prstana,147 – Poročna prstana,147 – Poročna prstana | Brežnik,147 – Poročna prstana,"Poročna prstana, model 147 – Zlatarna Brežnik",porocni-prstani,,,"oznake materiala nejasne (belo-zlato,kombinirani-porocni-prstan,rdeco-zlato,rose-gold), material ni dodan"
2109,/148-porocna-prstana/,148 – Poročna prstana,148 – Poročna prstana iz belega zlata,148 – Poročna prstana iz belega zlata | Brežnik,148 – Poročna prstana iz belega zlata,Poročna prstana model 148 iz belega zlata – Zlatarna Brežnik,porocni-prstani,,ostali-prstani,material iz oznak: beli-porocni-prstan
2232,/149-porocna-prstana-gladek-ali-matiran/,149 – Poročna prstana gladek ali matiran,"149 – Poročna prstana gladek ali matiran, kombinirano zlato","149 – Poročna prstana gladek ali matiran, kombinirano zlato | Brežnik","149 – Poročna prstana gladek ali matiran, kombinirano zlato","Poročna prstana gladek ali matiran, kombinirano zlato, model 149 – Zlatarna Brežnik",porocni-prstani,,ostali-prstani,material iz oznak: kombinirani-porocni-prstan; title 69 znakov (Google ga lahko skrajša)
2043,/150-porocna-prstana-moski-prstan-je-brez-kamnov/,150 – Poročna prstana | Moški prstan je brez kamnov,"150 – Poročna prstana, moški prstan je brez kamnov, kombinirano zlato","150 – Poročna prstana, moški prstan je brez kamnov, kombinirano zlato | Brežnik","150 – Poročna prstana, moški prstan je brez kamnov, kombinirano zlato","Poročna prstana, moški prstan je brez kamnov, kombinirano zlato, model 150 – Zlatarna Brežnik",porocni-prstani,,ostali-prstani,material iz oznak: kombinirani-porocni-prstan; title 79 znakov (Google ga lahko skrajša)
2107,/151-porocna-prstana-iz-belega-in-rdecega-zlata/,151 – Poročna prstana,151 – Poročna prstana,151 – Poročna prstana | Brežnik,151 – Poročna prstana,"Poročna prstana, model 151 – Zlatarna Brežnik",porocni-prstani,,ostali-prstani,"oznake materiala nejasne (kombinirani-porocni-prstan,rose-gold), material ni dodan"
2017,/152-posebni-unikatni-porocni-prstani/,152 – Posebni – Unikatni poročni prstani,152 – Posebni – Unikatni poročni prstani iz belega zlata,152 – Posebni – Unikatni poročni prstani iz belega zlata | Brežnik,152 – Posebni – Unikatni poročni prstani iz belega zlata,Posebni – Unikatni poročni prstani model 152 iz belega zlata – Zlatarna Brežnik,porocni-prstani,,ostali-prstani,material iz oznak: beli-porocni-prstan; title 66 znakov (Google ga lahko skrajša)
1888,/153-porocna-prstana/,153 – Poročna prstana,153 – Poročna prstana iz belega zlata,153 – Poročna prstana iz belega zlata | Brežnik,153 – Poročna prstana iz belega zlata,Poročna prstana model 153 iz belega zlata – Zlatarna Brežnik,porocni-prstani,,,material iz oznak: beli-porocni-prstan
1889,/154-rocno-izdelana-porocna-prstana/,154 – Ročno izdelana poročna prstana,154 – Ročno izdelana poročna prstana iz belega zlata,154 – Ročno izdelana poročna prstana iz belega zlata | Brežnik,154 – Ročno izdelana poročna prstana iz belega zlata,Ročno izdelana poročna prstana model 154 iz belega zlata – Zlatarna Brežnik,porocni-prstani,,,material iz oznak: beli-porocni-prstan; title 62 znakov (Google ga lahko skrajša)
2045,/155-rocno-izdelani-porocni-prstani/,155 – Ročno izdelani poročni prstani,155 – Ročno izdelani poročni prstani iz belega zlata,155 – Ročno izdelani poročni prstani iz belega zlata | Brežnik,155 – Ročno izdelani poročni prstani iz belega zlata,Ročno izdelani poročni prstani model 155 iz belega zlata – Zlatarna Brežnik,porocni-prstani,,ostali-prstani,material iz oznak: beli-porocni-prstan; title 62 znakov (Google ga lahko skrajša)
2102,/156-rocno-izdelani-porocni-prstani/,156 – Ročno izdelani poročni prstani,156 – Ročno izdelani poročni prstani iz belega zlata,156 – Ročno izdelani poročni prstani iz belega zlata | Brežnik,156 – Ročno izdelani poročni prstani iz belega zlata,Ročno izdelani poročni prstani model 156 iz belega zlata – Zlatarna Brežnik,porocni-prstani,,,material iz oznak: beli-porocni-prstan; title 62 znakov (Google ga lahko skrajša)
2080,/157-porocna-prstana/,157 – Poročna prstana,157 – Poročna prstana iz belega zlata,157 – Poročna prstana iz belega zlata | Brežnik,157 – Poročna prstana iz belega zlata,Poročna prstana model 157 iz belega zlata – Zlatarna Brežnik,porocni-prstani,,,material iz oznak: beli-porocni-prstan
3557,/158-rocno-izdelana-porocna-prstana/,158 – Ročno izdelana poročna prstana.,158 – Ročno izdelana poročna prstana,158 – Ročno izdelana poročna prstana | Brežnik,158 – Ročno izdelana poročna prstana,"Ročno izdelana poročna prstana, model 158 – Zlatarna Brežnik",porocni-prstani,,,
1793,/159-rocno-izdelana-porocna-prstana/,159 – Ročno izdelana poročna prstana,159 – Ročno izdelana poročna prstana iz belega zlata,159 – Ročno izdelana poročna prstana iz belega zlata | Brežnik,159 – Ročno izdelana poročna prstana iz belega zlata,Ročno izdelana poročna prstana model 159 iz belega zlata – Zlatarna Brežnik,porocni-prstani,,,material iz oznak: beli-porocni-prstan; title 62 znakov (Google ga lahko skrajša)
2020,/160-unikatni-porocni-prstani/,160 – Unikatni poročni prstani,160 – Unikatni poročni prstani iz belega zlata,160 – Unikatni poročni prstani iz belega zlata | Brežnik,160 – Unikatni poročni prstani iz belega zlata,Unikatni poročni prstani model 160 iz belega zlata – Zlatarna Brežnik,porocni-prstani,,,material iz oznak: beli-porocni-prstan
1787,/161-unikatna-porocna-prstana/,161- Unikatna poročna prstana,161 – Unikatna poročna prstana iz belega zlata,161 – Unikatna poročna prstana iz belega zlata | Brežnik,161 – Unikatna poročna prstana iz belega zlata,Unikatna poročna prstana model 161 iz belega zlata – Zlatarna Brežnik,porocni-prstani,,,material iz oznak: beli-porocni-prstan
1946,/162-porocna-prstana/,162 – Poročna prstana,162 – Poročna prstana iz belega zlata,162 – Poročna prstana iz belega zlata | Brežnik,162 – Poročna prstana iz belega zlata,Poročna prstana model 162 iz belega zlata – Zlatarna Brežnik,porocni-prstani,,ostali-prstani,material iz oznak: beli-porocni-prstan
1960,/163-unikatna-rocno-izdelana-in-kovana-porocna-prstana/,163 – Unikatna ročno izdelana in kovana poročna prstana,163 – Unikatna ročno izdelana in kovana poročna prstana iz belega zlata,163 – Unikatna ročno izdelana in kovana poročna prstana iz belega zlata | Brežnik,163 – Unikatna ročno izdelana in kovana poročna prstana iz belega zlata,Unikatna ročno izdelana in kovana poročna prstana model 163 iz belega zlata – Zlatarna Brežnik,porocni-prstani,,,material iz oznak: beli-porocni-prstan; title 81 znakov (Google ga lahko skrajša)
1896,/164-unikatna-porocna-prstana/,164 – Unikatna poročna prstana,164 – Unikatna poročna prstana iz belega zlata,164 – Unikatna poročna prstana iz belega zlata | Brežnik,164 – Unikatna poročna prstana iz belega zlata,Unikatna poročna prstana model 164 iz belega zlata – Zlatarna Brežnik,porocni-prstani,,,material iz oznak: beli-porocni-prstan
1954,/165-unikatna-rocno-izdelana-in-kovana-porocna-prstana/,165 – Unikatna ročno izdelana in kovana poročna prstana,165 – Unikatna ročno izdelana in kovana poročna prstana iz belega zlata,165 – Unikatna ročno izdelana in kovana poročna prstana iz belega zlata | Brežnik,165 – Unikatna ročno izdelana in kovana poročna prstana iz belega zlata,Unikatna ročno izdelana in kovana poročna prstana model 165 iz belega zlata – Zlatarna Brežnik,porocni-prstani,,,material iz oznak: beli-porocni-prstan; title 81 znakov (Google ga lahko skrajša)
1789,/166-unikatna-porocna-prstana/,166- Unikatna poročna prstana,166 – Unikatna poročna prstana iz belega zlata,166 – Unikatna poročna prstana iz belega zlata | Brežnik,166 – Unikatna poročna prstana iz belega zlata,Unikatna poročna prstana model 166 iz belega zlata – Zlatarna Brežnik,porocni-prstani,,,material iz oznak: beli-porocni-prstan
3855,/167-porocna-prstana-iz-rdecega-in-belega-zlata/,267 – Poročna prstana iz rdečega in belega zlata,267 – Poročna prstana iz rdečega in belega zlata,267 – Poročna prstana iz rdečega in belega zlata | Brežnik,267 – Poročna prstana iz rdečega in belega zlata,Poročna prstana model 267 iz rdečega in belega zlata – Zlatarna Brežnik,porocni-prstani,,,
1891,/167-porocna-prstana/,167 – Poročna prstana,167 – Poročna prstana iz belega zlata,167 – Poročna prstana iz belega zlata | Brežnik,167 – Poročna prstana iz belega zlata,Poročna prstana model 167 iz belega zlata – Zlatarna Brežnik,porocni-prstani,,,material iz oznak: beli-porocni-prstan
2197,/168-porocna-prstana/,168-Poročna prstana,168 – Poročna prstana iz kombiniranega zlata,168 – Poročna prstana iz kombiniranega zlata | Brežnik,168 – Poročna prstana iz kombiniranega zlata,Poročna prstana model 168 iz kombiniranega zlata – Zlatarna Brežnik,porocni-prstani,,,material iz oznak: kombinirani-porocni-prstan
1947,/169-porocna-prstana-z-diamanti/,169 – Poročna prstana z diamanti,169 – Poročna prstana iz belega zlata z diamanti,169 – Poročna prstana iz belega zlata z diamanti | Brežnik,169 – Poročna prstana iz belega zlata z diamanti,Poročna prstana model 169 iz belega zlata z diamanti – Zlatarna Brežnik,porocni-prstani,prstani-z-briljanti,,material iz oznak: beli-porocni-prstan
2101,/170-porocna-prstana/,170 – Poročna prstana,170 – Poročna prstana iz belega zlata,170 – Poročna prstana iz belega zlata | Brežnik,170 – Poročna prstana iz belega zlata,Poročna prstana model 170 iz belega zlata – Zlatarna Brežnik,porocni-prstani,,,material iz oznak: beli-porocni-prstan
2110,/171-porocna-prstana/,171 – Poročna prstana,171 – Poročna prstana iz belega zlata,171 – Poročna prstana iz belega zlata | Brežnik,171 – Poročna prstana iz belega zlata,Poročna prstana model 171 iz belega zlata – Zlatarna Brežnik,porocni-prstani,,ostali-prstani,material iz oznak: beli-porocni-prstan
2050,/172-porocna-prstana/,172 – Poročna prstana,172 – Poročna prstana iz kombiniranega zlata,172 – Poročna prstana iz kombiniranega zlata | Brežnik,172 – Poročna prstana iz kombiniranega zlata,Poročna prstana model 172 iz kombiniranega zlata – Zlatarna Brežnik,porocni-prstani,,,material iz oznak: kombinirani-porocni-prstan
1964,/173-unikatna-porocna-prstana/,173 – Unikatna poročna prstana,173 – Unikatna poročna prstana iz kombiniranega zlata,173 – Unikatna poročna prstana iz kombiniranega zlata | Brežnik,173 – Unikatna poročna prstana iz kombiniranega zlata,Unikatna poročna prstana model 173 iz kombiniranega zlata – Zlatarna Brežnik,porocni-prstani,,,material iz oznak: kombinirani-porocni-prstan; title 63 znakov (Google ga lahko skrajša)
2030,/174-unikatna-porocna-prstana/,174 – Unikatna poročna prstana,174 – Unikatna poročna prstana iz belega zlata,174 – Unikatna poročna prstana iz belega zlata | Brežnik,174 – Unikatna poročna prstana iz belega zlata,Unikatna poročna prstana model 174 iz belega zlata – Zlatarna Brežnik,porocni-prstani,,,material iz oznak: beli-porocni-prstan
2251,/175-unikatni-zarocni-prstan/,175 – Unikatni zaročni prstan,175 – Unikatni zaročni prstan iz belega zlata,175 – Unikatni zaročni prstan iz belega zlata | Brežnik,175 – Unikatni zaročni prstan iz belega zlata,Unikatni zaročni prstan model 175 iz belega zlata – Zlatarna Brežnik,zarocni-prstani,,,material iz oznak: belo-zlato; zaročni + ostali: isto pravilo kot pri poročnih? (ni odločeno)
1968,/176-zenski-prstan/,176 – Ženski prstan,176 – Ženski prstan,176 – Ženski prstan | Brežnik,176 – Ženski prstan,"Ženski prstan, model 176 – Zlatarna Brežnik",zenski-prstani,,,
2242,/177-unikatni-zarocni-prstan/,177 – Unikatni zaročni prstan,177 – Unikatni zaročni prstan,177 – Unikatni zaročni prstan | Brežnik,177 – Unikatni zaročni prstan,"Unikatni zaročni prstan, model 177 – Zlatarna Brežnik",zarocni-prstani,,,zaročni + ostali: isto pravilo kot pri poročnih? (ni odločeno)
1969,/178-zenski-prstani/,178 – Ženski prstani,178 – Ženski prstani,178 – Ženski prstani | Brežnik,178 – Ženski prstani,"Ženski prstani, model 178 – Zlatarna Brežnik",zenski-prstani,,,
1680,/179-unikatni-prstan-iz-zlata-in-srebra/,179 – Unikatni prstan iz zlata in srebra,179 – Unikatni prstan iz zlata in srebra,179 – Unikatni prstan iz zlata in srebra | Brežnik,179 – Unikatni prstan iz zlata in srebra,Unikatni prstan model 179 iz zlata in srebra – Zlatarna Brežnik,ostali-prstani,,,
1944,/180-unikatni-prstan-iz-zlata-in-srebra/,180 – Unikatni prstan iz zlata in srebra,180 – Unikatni prstan iz zlata in srebra,180 – Unikatni prstan iz zlata in srebra | Brežnik,180 – Unikatni prstan iz zlata in srebra,Unikatni prstan model 180 iz zlata in srebra – Zlatarna Brežnik,ostali-prstani,,,
1682,/181-unikatni-prstan-iz-zlata-in-srebra/,181 – Unikatni prstan iz zlata in srebra,181 – Unikatni prstan iz zlata in srebra,181 – Unikatni prstan iz zlata in srebra | Brežnik,181 – Unikatni prstan iz zlata in srebra,Unikatni prstan model 181 iz zlata in srebra – Zlatarna Brežnik,ostali-prstani,,,zaročni + ostali: isto pravilo kot pri poročnih? (ni odločeno)
1970,/182-zenski-prstan/,182 – Ženski prstan,182 – Ženski prstan,182 – Ženski prstan | Brežnik,182 – Ženski prstan,"Ženski prstan, model 182 – Zlatarna Brežnik",zenski-prstani,,,
2233,/183-zenski-prstan/,183 – Ženski prstan,183 – Ženski prstan iz rumenega zlata,183 – Ženski prstan iz rumenega zlata | Brežnik,183 – Ženski prstan iz rumenega zlata,Ženski prstan model 183 iz rumenega zlata – Zlatarna Brežnik,zenski-prstani,,,material iz oznak: rumeno-zlato
2247,/184-zarocni-prstan/,184 – Zaročni prstan,184 – Zaročni prstan iz belega zlata,184 – Zaročni prstan iz belega zlata | Brežnik,184 – Zaročni prstan iz belega zlata,Zaročni prstan model 184 iz belega zlata – Zlatarna Brežnik,zarocni-prstani,,,material iz oznak: belo-zlato; zaročni + ostali: isto pravilo kot pri poročnih? (ni odločeno)
1985,/185-zenski-prstan/,185 – Ženski prstan,185 – Ženski prstan iz belega zlata,185 – Ženski prstan iz belega zlata | Brežnik,185 – Ženski prstan iz belega zlata,Ženski prstan model 185 iz belega zlata – Zlatarna Brežnik,zenski-prstani,,,material iz oznak: belo-zlato
1971,/186-zenski-prstan/,186 – Ženski prstan,186 – Ženski prstan iz belega zlata,186 – Ženski prstan iz belega zlata | Brežnik,186 – Ženski prstan iz belega zlata,Ženski prstan model 186 iz belega zlata – Zlatarna Brežnik,zenski-prstani,,,material iz oznak: belo-zlato
2234,/187-zenski-prstan/,187 – Ženski prstan,187 – Ženski prstan iz rdečega zlata,187 – Ženski prstan iz rdečega zlata | Brežnik,187 – Ženski prstan iz rdečega zlata,Ženski prstan model 187 iz rdečega zlata – Zlatarna Brežnik,zenski-prstani,,,"material iz oznak: rdeco-zlato,rose-gold"
2235,/188-zenski-prstan/,188 – Ženski prstan,188 – Ženski prstan iz belega in rumenega zlata,188 – Ženski prstan iz belega in rumenega zlata | Brežnik,188 – Ženski prstan iz belega in rumenega zlata,Ženski prstan model 188 iz belega in rumenega zlata – Zlatarna Brežnik,zenski-prstani,,,"material iz oznak: belo-zlato,rumeno-zlato"
2250,/189-zarocni-prstan/,189 – Zaročni prstan,189 – Zaročni prstan,189 – Zaročni prstan | Brežnik,189 – Zaročni prstan,"Zaročni prstan, model 189 – Zlatarna Brežnik",zarocni-prstani,,,zaročni + ostali: isto pravilo kot pri poročnih? (ni odločeno)
2239,/190-zarocni-prstan/,190 – Zaročni prstan,190 – Zaročni prstan,190 – Zaročni prstan | Brežnik,190 – Zaročni prstan,"Zaročni prstan, model 190 – Zlatarna Brežnik",zarocni-prstani,,,zaročni + ostali: isto pravilo kot pri poročnih? (ni odločeno)
2311,/191-zarocni-prstan/,191 – Zaročni prstan,191 – Zaročni prstan,191 – Zaročni prstan | Brežnik,191 – Zaročni prstan,"Zaročni prstan, model 191 – Zlatarna Brežnik",zarocni-prstani,,,zaročni + ostali: isto pravilo kot pri poročnih? (ni odločeno)
2236,/192-zenski-prstan/,192 – Ženski prstan,192 – Ženski prstan,192 – Ženski prstan | Brežnik,192 – Ženski prstan,"Ženski prstan, model 192 – Zlatarna Brežnik",zenski-prstani,,,"oznake materiala nejasne (belo-zlato,kombinirani-porocni-prstan,rumeno-zlato), material ni dodan"
2248,/193-unikatni-zarocni-prstan/,193 – Unikatni zaročni prstan,193 – Unikatni zaročni prstan,193 – Unikatni zaročni prstan | Brežnik,193 – Unikatni zaročni prstan,"Unikatni zaročni prstan, model 193 – Zlatarna Brežnik",zarocni-prstani,,,zaročni + ostali: isto pravilo kot pri poročnih? (ni odločeno)
2023,/194-unikatna-porocna-prstana/,194 – Unikatna porocna prstana,194 – Unikatna poročna prstana iz belega zlata,194 – Unikatna poročna prstana iz belega zlata | Brežnik,194 – Unikatna poročna prstana iz belega zlata,Unikatna poročna prstana model 194 iz belega zlata – Zlatarna Brežnik,porocni-prstani,,ostali-prstani,material iz oznak: beli-porocni-prstan
1670,/195-unikatni-prstan-iz-zlata-in-srebra/,195 – Unikatni prstan iz zlata in srebra,195 – Unikatni prstan iz zlata in srebra,195 – Unikatni prstan iz zlata in srebra | Brežnik,195 – Unikatni prstan iz zlata in srebra,Unikatni prstan model 195 iz zlata in srebra – Zlatarna Brežnik,ostali-prstani,,,
3453,/207-rocno-izdelana-porocna-prstana-iz-rdecega-in-belega-zlata/,207 – Ročno izdelana poročna prstana iz rdečega in belega zlata,207 – Ročno izdelana poročna prstana iz rdečega in belega zlata,207 – Ročno izdelana poročna prstana iz rdečega in belega zlata | Brežnik,207 – Ročno izdelana poročna prstana iz rdečega in belega zlata,Ročno izdelana poročna prstana model 207 iz rdečega in belega zlata – Zlatarna Brežnik,porocni-prstani,,,title 73 znakov (Google ga lahko skrajša)
3475,/208-porocna-prstana-iz-rdecega-in-belega-zlata/,208 – Poročna prstana iz rdečega in belega zlata,208 – Poročna prstana iz rdečega in belega zlata,208 – Poročna prstana iz rdečega in belega zlata | Brežnik,208 – Poročna prstana iz rdečega in belega zlata,Poročna prstana model 208 iz rdečega in belega zlata – Zlatarna Brežnik,porocni-prstani,,,
3455,/209-porocna-prstana-iz-belega-in-rdecega-zlata/,209 – Poročna prstana iz belega in rdečega zlata,209 – Poročna prstana iz belega in rdečega zlata,209 – Poročna prstana iz belega in rdečega zlata | Brežnik,209 – Poročna prstana iz belega in rdečega zlata,Poročna prstana model 209 iz belega in rdečega zlata – Zlatarna Brežnik,porocni-prstani,,,
3481,/210-rocno-izdelana-porocna-prstana-z-diamanti-iz-rdecega-in-belega-zlata/,210 – Ročno izdelana poročna prstana z diamanti iz rdečega in belega zlata,210 – Ročno izdelana poročna prstana z diamanti iz rdečega in belega zlata,210 – Ročno izdelana poročna prstana z diamanti iz rdečega in belega zlata | Brežnik,210 – Ročno izdelana poročna prstana z diamanti iz rdečega in belega zlata,Ročno izdelana poročna prstana model 210 z diamanti iz rdečega in belega zlata – Zlatarna Brežnik,porocni-prstani,prstani-z-briljanti,,title 84 znakov (Google ga lahko skrajša)
3478,/211-porocna-prstana-z-diamanti-iz-rdecega-in-belega-zlata/,211 – Poročna prstana z diamanti iz rdečega in belega zlata,211 – Poročna prstana z diamanti iz rdečega in belega zlata,211 – Poročna prstana z diamanti iz rdečega in belega zlata | Brežnik,211 – Poročna prstana z diamanti iz rdečega in belega zlata,Poročna prstana model 211 z diamanti iz rdečega in belega zlata – Zlatarna Brežnik,porocni-prstani,prstani-z-briljanti,,title 69 znakov (Google ga lahko skrajša)
3935,/319-rocno-izdelana-porocna-prstana-iz-rumenega-zlata/,319 – Ročno izdelana poročna prstana iz rumenega zlata,319 – Ročno izdelana poročna prstana iz rumenega zlata,319 – Ročno izdelana poročna prstana iz rumenega zlata | Brežnik,319 – Ročno izdelana poročna prstana iz rumenega zlata,Ročno izdelana poročna prstana model 319 iz rumenega zlata – Zlatarna Brežnik,porocni-prstani,,,title 64 znakov (Google ga lahko skrajša)
3856,/321-unikatna-rocno-izdelana-prstana-iz-zlata/,321 – Unikatna ročno izdelana prstana iz zlata,321 – Unikatna ročno izdelana prstana iz zlata,321 – Unikatna ročno izdelana prstana iz zlata | Brežnik,321 – Unikatna ročno izdelana prstana iz zlata,Unikatna ročno izdelana prstana model 321 iz zlata – Zlatarna Brežnik,porocni-prstani,,,
3450,/322-unikatna-rocno-izdelana-prstana-iz-zlata/,322 – Unikatna ročno izdelana prstana iz zlata,322 – Unikatna ročno izdelana prstana iz zlata,322 – Unikatna ročno izdelana prstana iz zlata | Brežnik,322 – Unikatna ročno izdelana prstana iz zlata,Unikatna ročno izdelana prstana model 322 iz zlata – Zlatarna Brežnik,porocni-prstani,,,
3566,/324-rocno-izdelana-porocna-prstana/,324 – ROČNO IZDELANA POROČNA PRSTANA,324 – ROČNO IZDELANA POROČNA PRSTANA,324 – ROČNO IZDELANA POROČNA PRSTANA | Brežnik,324 – ROČNO IZDELANA POROČNA PRSTANA,"ROČNO IZDELANA POROČNA PRSTANA, model 324 – Zlatarna Brežnik",porocni-prstani,,,
3441,/325-unikatna-porocna-prstana-iz-belega-zlata/,325 – Unikatna poročna prstana iz belega zlata,325 – Unikatna poročna prstana iz belega zlata,325 – Unikatna poročna prstana iz belega zlata | Brežnik,325 – Unikatna poročna prstana iz belega zlata,Unikatna poročna prstana model 325 iz belega zlata – Zlatarna Brežnik,porocni-prstani,,,
3465,/326-unikatna-porocna-prstana-iz-rumenega-zlata/,326 – Unikatna poročna prstana iz rumenega zlata,326 – Unikatna poročna prstana iz rumenega zlata,326 – Unikatna poročna prstana iz rumenega zlata | Brežnik,326 – Unikatna poročna prstana iz rumenega zlata,Unikatna poročna prstana model 326 iz rumenega zlata – Zlatarna Brežnik,porocni-prstani,,,
3448,/327-unikatna-rocno-izdelana-prstana-iz-zlata/,327 – Unikatna ročno izdelana prstana iz zlata,327 – Unikatna ročno izdelana prstana iz zlata,327 – Unikatna ročno izdelana prstana iz zlata | Brežnik,327 – Unikatna ročno izdelana prstana iz zlata,Unikatna ročno izdelana prstana model 327 iz zlata – Zlatarna Brežnik,porocni-prstani,,,
3470,/328-unikatna-porocna-prstana-iz-belega-zlata/,328 – Unikatna poročna prstana iz belega zlata,328 – Unikatna poročna prstana iz belega zlata,328 – Unikatna poročna prstana iz belega zlata | Brežnik,328 – Unikatna poročna prstana iz belega zlata,Unikatna poročna prstana model 328 iz belega zlata – Zlatarna Brežnik,porocni-prstani,,,
3477,/329-porocna-prstana-izdelana-iz-rdecega-in-belega-zlata/,329 – Poročna prstana izdelana iz rdečega in belega zlata,329 – Poročna prstana izdelana iz rdečega in belega zlata,329 – Poročna prstana izdelana iz rdečega in belega zlata | Brežnik,329 – Poročna prstana izdelana iz rdečega in belega zlata,Poročna prstana izdelana model 329 iz rdečega in belega zlata – Zlatarna Brežnik,porocni-prstani,,,title 67 znakov (Google ga lahko skrajša)
3464,/330-unikatno-rocno-izdelana-porocna-prstana-z-diamantom-iz-belega-zlata/,330 – Unikatno ročno izdelana poročna prstana z diamantom iz belega zlata,330 – Unikatno ročno izdelana poročna prstana z diamantom iz belega zlata,330 – Unikatno ročno izdelana poročna prstana z diamantom iz belega zlata | Brežnik,330 – Unikatno ročno izdelana poročna prstana z diamantom iz belega zlata,Unikatno ročno izdelana poročna prstana model 330 z diamantom iz belega zlata – Zlatarna Brežnik,porocni-prstani,prstani-z-briljanti,,title 83 znakov (Google ga lahko skrajša)
3452,/331-unikatno-rocno-izdelana-porocna-prstana-iz-rdecega-in-belega-zlata/,331 – Unikatno ročno izdelana poročna prstana iz rdečega in belega zlata,331 – Unikatno ročno izdelana poročna prstana iz rdečega in belega zlata,331 – Unikatno ročno izdelana poročna prstana iz rdečega in belega zlata | Brežnik,331 – Unikatno ročno izdelana poročna prstana iz rdečega in belega zlata,Unikatno ročno izdelana poročna prstana model 331 iz rdečega in belega zlata – Zlatarna Brežnik,porocni-prstani,,,title 82 znakov (Google ga lahko skrajša)
3447,/332-porocna-prstana-iz-rdecega-in-belega-zlata/,332 – Poročna prstana iz rdečega in belega zlata,332 – Poročna prstana iz rdečega in belega zlata,332 – Poročna prstana iz rdečega in belega zlata | Brežnik,332 – Poročna prstana iz rdečega in belega zlata,Poročna prstana model 332 iz rdečega in belega zlata – Zlatarna Brežnik,porocni-prstani,,,
3474,/333-unikatna-rocno-izdelana-porocna-prstana-iz-belega-in-rdecega-zlata/,333 – Unikatna ročno izdelana poročna prstana iz belega in rdečega zlata,333 – Unikatna ročno izdelana poročna prstana iz belega in rdečega zlata,333 – Unikatna ročno izdelana poročna prstana iz belega in rdečega zlata | Brežnik,333 – Unikatna ročno izdelana poročna prstana iz belega in rdečega zlata,Unikatna ročno izdelana poročna prstana model 333 iz belega in rdečega zlata – Zlatarna Brežnik,porocni-prstani,,,title 82 znakov (Google ga lahko skrajša)
3476,/335-unikatna-porocna-prstana-iz-belega-zlata-in-z-diamanti/,335 – Unikatna poročna prstana iz belega zlata in z diamanti,335 – Unikatna poročna prstana iz belega zlata z diamanti,335 – Unikatna poročna prstana iz belega zlata z diamanti | Brežnik,335 – Unikatna poročna prstana iz belega zlata z diamanti,Unikatna poročna prstana model 335 iz belega zlata z diamanti – Zlatarna Brežnik,porocni-prstani,prstani-z-briljanti,,title 67 znakov (Google ga lahko skrajša)
3466,/336-rocno-izdelana-porocna-prstana-iz-rdecega-in-belega-zlata/,336 – Ročno izdelana poročna prstana iz rdečega in belega zlata,336 – Ročno izdelana poročna prstana iz rdečega in belega zlata,336 – Ročno izdelana poročna prstana iz rdečega in belega zlata | Brežnik,336 – Ročno izdelana poročna prstana iz rdečega in belega zlata,Ročno izdelana poročna prstana model 336 iz rdečega in belega zlata – Zlatarna Brežnik,porocni-prstani,,,title 73 znakov (Google ga lahko skrajša)
3472,/337-unikatna-porocna-prstana-iz-belega-zlata/,337 – Unikatna poročna prstana iz belega zlata,337 – Unikatna poročna prstana iz belega zlata,337 – Unikatna poročna prstana iz belega zlata | Brežnik,337 – Unikatna poročna prstana iz belega zlata,Unikatna poročna prstana model 337 iz belega zlata – Zlatarna Brežnik,porocni-prstani,,,
3471,/338-rocno-izdelana-porocna-prstana-z-diamantom-iz-rdecega-in-belega-zlata/,338 – Ročno izdelana poročna prstana z diamantom iz rdečega in belega zlata,338 – Ročno izdelana poročna prstana z diamantom iz rdečega in belega zlata,338 – Ročno izdelana poročna prstana z diamantom iz rdečega in belega zlata | Brežnik,338 – Ročno izdelana poročna prstana z diamantom iz rdečega in belega zlata,Ročno izdelana poročna prstana model 338 z diamantom iz rdečega in belega zlata – Zlatarna Brežnik,porocni-prstani,prstani-z-briljanti,,title 85 znakov (Google ga lahko skrajša)
3454,/339-rocno-izdelana-porocna-prstana-z-diamanti-iz-belega-zlata/,339 – Ročno izdelana poročna prstana z diamanti iz belega zlata,339 – Ročno izdelana poročna prstana z diamanti iz belega zlata,339 – Ročno izdelana poročna prstana z diamanti iz belega zlata | Brežnik,339 – Ročno izdelana poročna prstana z diamanti iz belega zlata,Ročno izdelana poročna prstana model 339 z diamanti iz belega zlata – Zlatarna Brežnik,porocni-prstani,prstani-z-briljanti,,title 73 znakov (Google ga lahko skrajša)
3468,/340-porocna-prstana-z-diamanti-iz-belega-zlata/,340 – Poročna prstana z diamanti iz belega zlata,340 – Poročna prstana z diamanti iz belega zlata,340 – Poročna prstana z diamanti iz belega zlata | Brežnik,340 – Poročna prstana z diamanti iz belega zlata,Poročna prstana model 340 z diamanti iz belega zlata – Zlatarna Brežnik,porocni-prstani,prstani-z-briljanti,,
3451,/341-rocni-izdelani-porocni-prstani-iz-rdecega-in-belega-zlata/,341 – Ročni izdelani poročni prstani iz rdečega in belega zlata,341 – Ročni izdelani poročni prstani iz rdečega in belega zlata,341 – Ročni izdelani poročni prstani iz rdečega in belega zlata | Brežnik,341 – Ročni izdelani poročni prstani iz rdečega in belega zlata,Ročni izdelani poročni prstani model 341 iz rdečega in belega zlata – Zlatarna Brežnik,porocni-prstani,,,title 73 znakov (Google ga lahko skrajša)
3480,/342-unikatno-rocno-izdelana-porocna-prstana-iz-rumenega-in-belega-zlata/,342 – Unikatno ročno izdelana poročna prstana iz rumenega in belega zlata,342 – Unikatno ročno izdelana poročna prstana iz rumenega in belega zlata,342 – Unikatno ročno izdelana poročna prstana iz rumenega in belega zlata | Brežnik,342 – Unikatno ročno izdelana poročna prstana iz rumenega in belega zlata,Unikatno ročno izdelana poročna prstana model 342 iz rumenega in belega zlata – Zlatarna Brežnik,porocni-prstani,,,title 83 znakov (Google ga lahko skrajša)
3479,/343-rocno-izdelana-porocna-prstana-iz-rdecega-in-belega-zlata/,343 – Ročno izdelana poročna prstana iz rdečega in belega zlata,343 – Ročno izdelana poročna prstana iz rdečega in belega zlata,343 – Ročno izdelana poročna prstana iz rdečega in belega zlata | Brežnik,343 – Ročno izdelana poročna prstana iz rdečega in belega zlata,Ročno izdelana poročna prstana model 343 iz rdečega in belega zlata – Zlatarna Brežnik,porocni-prstani,,,title 73 znakov (Google ga lahko skrajša)
3473,/344-rocno-izdelana-porocna-prstana-iz-belega-zlata/,344 – Ročno izdelana poročna prstana iz belega zlata,344 – Ročno izdelana poročna prstana iz belega zlata,344 – Ročno izdelana poročna prstana iz belega zlata | Brežnik,344 – Ročno izdelana poročna prstana iz belega zlata,Ročno izdelana poročna prstana model 344 iz belega zlata – Zlatarna Brežnik,porocni-prstani,,,title 62 znakov (Google ga lahko skrajša)
3467,/345-unikatna-rocno-izdelana-porocna-prstana-iz-rumenega-in-belega-zlata/,345 – Unikatna ročno izdelana poročna prstana iz rumenega in belega zlata,345 – Unikatna ročno izdelana poročna prstana iz rumenega in belega zlata,345 – Unikatna ročno izdelana poročna prstana iz rumenega in belega zlata | Brežnik,345 – Unikatna ročno izdelana poročna prstana iz rumenega in belega zlata,Unikatna ročno izdelana poročna prstana model 345 iz rumenega in belega zlata – Zlatarna Brežnik,porocni-prstani,,,title 83 znakov (Google ga lahko skrajša)
3560,/347-rocno-izdelana-porocna-prstana/,347 – Ročno izdelana poročna prstana.,347 – Ročno izdelana poročna prstana,347 – Ročno izdelana poročna prstana | Brežnik,347 – Ročno izdelana poročna prstana,"Ročno izdelana poročna prstana, model 347 – Zlatarna Brežnik",porocni-prstani,,,
3564,/353-rocno-izdelana-porocna-prstana/,353 – ROČNO IZDELANA POROČNA PRSTANA,353 – ROČNO IZDELANA POROČNA PRSTANA,353 – ROČNO IZDELANA POROČNA PRSTANA | Brežnik,353 – ROČNO IZDELANA POROČNA PRSTANA,"ROČNO IZDELANA POROČNA PRSTANA, model 353 – Zlatarna Brežnik",porocni-prstani,,,
3562,/354-rocno-izdelana-porocna-prstana/,354 – Ročno izdelana poročna prstana.,354 – Ročno izdelana poročna prstana,354 – Ročno izdelana poročna prstana | Brežnik,354 – Ročno izdelana poročna prstana,"Ročno izdelana poročna prstana, model 354 – Zlatarna Brežnik",porocni-prstani,,,
3733,/367-rocno-izdelana-prstana-iz-rumenega-zlata/,367 Ročno izdelana prstana iz rumenega zlata,367 – Ročno izdelana prstana iz rumenega zlata,367 – Ročno izdelana prstana iz rumenega zlata | Brežnik,367 – Ročno izdelana prstana iz rumenega zlata,Ročno izdelana prstana model 367 iz rumenega zlata – Zlatarna Brežnik,porocni-prstani,,,
3744,/369-rocno-izdelana-prstana-iz-rumenega-in-belega-zlata/,369 Ročno izdelana prstana iz rumenega in belega zlata,369 – Ročno izdelana prstana iz rumenega in belega zlata,369 – Ročno izdelana prstana iz rumenega in belega zlata | Brežnik,369 – Ročno izdelana prstana iz rumenega in belega zlata,Ročno izdelana prstana model 369 iz rumenega in belega zlata – Zlatarna Brežnik,porocni-prstani,,,title 66 znakov (Google ga lahko skrajša)
3731,/370-rocno-izdelana-prstana-iz-rumenega-in-belega-zlata-z-diamanti/,370 Ročno izdelana prstana iz rumenega in belega zlata z diamanti,370 – Ročno izdelana prstana iz rumenega in belega zlata z diamanti,370 – Ročno izdelana prstana iz rumenega in belega zlata z diamanti | Brežnik,370 – Ročno izdelana prstana iz rumenega in belega zlata z diamanti,Ročno izdelana prstana model 370 iz rumenega in belega zlata z diamanti – Zlatarna Brežnik,porocni-prstani,prstani-z-briljanti,,title 77 znakov (Google ga lahko skrajša)
3738,/377-rocno-izdelana-prstana-iz-rumenega-in-belega-zlata-z-diamanti/,377 Ročno izdelana prstana iz rumenega in belega zlata z diamanti,377 – Ročno izdelana prstana iz rumenega in belega zlata z diamanti,377 – Ročno izdelana prstana iz rumenega in belega zlata z diamanti | Brežnik,377 – Ročno izdelana prstana iz rumenega in belega zlata z diamanti,Ročno izdelana prstana model 377 iz rumenega in belega zlata z diamanti – Zlatarna Brežnik,porocni-prstani,prstani-z-briljanti,,title 77 znakov (Google ga lahko skrajša)
3735,/381-porocna-prstana-iz-rumenega-zlata/,381 Poročna prstana iz rumenega zlata,381 – Poročna prstana iz rumenega zlata,381 – Poročna prstana iz rumenega zlata | Brežnik,381 – Poročna prstana iz rumenega zlata,Poročna prstana model 381 iz rumenega zlata – Zlatarna Brežnik,porocni-prstani,,,
3739,/382-rocno-izdelana-prstana-iz-rumenega-zlata/,382 Ročno izdelana prstana iz rumenega zlata,382 – Ročno izdelana prstana iz rumenega zlata,382 – Ročno izdelana prstana iz rumenega zlata | Brežnik,382 – Ročno izdelana prstana iz rumenega zlata,Ročno izdelana prstana model 382 iz rumenega zlata – Zlatarna Brežnik,porocni-prstani,,,
3737,/383-porocna-prstana-iz-rumenega-zlata-in-z-diamanti/,383 Poročna prstana iz rumenega zlata in z diamanti,383 – Poročna prstana iz rumenega zlata z diamanti,383 – Poročna prstana iz rumenega zlata z diamanti | Brežnik,383 – Poročna prstana iz rumenega zlata z diamanti,Poročna prstana model 383 iz rumenega zlata z diamanti – Zlatarna Brežnik,porocni-prstani,prstani-z-briljanti,,
3740,/384-rocno-izdelana-porocna-prstana-iz-rdecega-in-belega-zlata-z-diamanti/,384 Ročno izdelana poročna prstana iz rdečega in belega zlata z diamanti,384 – Ročno izdelana poročna prstana iz rdečega in belega zlata z diamanti,384 – Ročno izdelana poročna prstana iz rdečega in belega zlata z diamanti | Brežnik,384 – Ročno izdelana poročna prstana iz rdečega in belega zlata z diamanti,Ročno izdelana poročna prstana model 384 iz rdečega in belega zlata z diamanti – Zlatarna Brežnik,porocni-prstani,prstani-z-briljanti,,title 84 znakov (Google ga lahko skrajša)
3743,/385-porocna-prstana-iz-rdecega-in-belega-zlata-z-diamanti/,385 Poročna prstana iz rdečega in belega zlata z diamanti,385 – Poročna prstana iz rdečega in belega zlata z diamanti,385 – Poročna prstana iz rdečega in belega zlata z diamanti | Brežnik,385 – Poročna prstana iz rdečega in belega zlata z diamanti,Poročna prstana model 385 iz rdečega in belega zlata z diamanti – Zlatarna Brežnik,porocni-prstani,prstani-z-briljanti,,title 69 znakov (Google ga lahko skrajša)
3725,/386-rocno-izdelana-prstana-iz-rdecega-in-belega-zlata-in-z-diamanti-2/,393 Poročna prstana iz rdečega zlata in z diamanti.,393 – Poročna prstana iz rdečega zlata z diamanti,393 – Poročna prstana iz rdečega zlata z diamanti | Brežnik,393 – Poročna prstana iz rdečega zlata z diamanti,Poročna prstana model 393 iz rdečega zlata z diamanti – Zlatarna Brežnik,porocni-prstani,prstani-z-briljanti,,
3724,/386-rocno-izdelana-prstana-iz-rdecega-in-belega-zlata-in-z-diamanti/,386 Ročno izdelana prstana iz rdečega in belega zlata in z diamanti,386 – Ročno izdelana prstana iz rdečega in belega zlata z diamanti,386 – Ročno izdelana prstana iz rdečega in belega zlata z diamanti | Brežnik,386 – Ročno izdelana prstana iz rdečega in belega zlata z diamanti,Ročno izdelana prstana model 386 iz rdečega in belega zlata z diamanti – Zlatarna Brežnik,porocni-prstani,prstani-z-briljanti,,title 76 znakov (Google ga lahko skrajša)
3729,/388-porocna-prstana-iz-rdecega-zlata/,388 Poročna prstana iz rdečega zlata,388 – Poročna prstana iz rdečega zlata,388 – Poročna prstana iz rdečega zlata | Brežnik,388 – Poročna prstana iz rdečega zlata,Poročna prstana model 388 iz rdečega zlata – Zlatarna Brežnik,porocni-prstani,,,
3736,/389-unikatna-rocno-izdelana-prstana-iz-rumenega-zlata-z-diamanti/,389 Unikatna ročno izdelana prstana iz rumenega zlata z diamanti,389 – Unikatna ročno izdelana prstana iz rumenega zlata z diamanti,389 – Unikatna ročno izdelana prstana iz rumenega zlata z diamanti | Brežnik,389 – Unikatna ročno izdelana prstana iz rumenega zlata z diamanti,Unikatna ročno izdelana prstana model 389 iz rumenega zlata z diamanti – Zlatarna Brežnik,porocni-prstani,prstani-z-briljanti,,title 76 znakov (Google ga lahko skrajša)
3728,/390-porocna-prstana-iz-rdecega-zlata-in-z-diamanti/,390 Poročna prstana iz rdečega zlata in z diamanti,390 – Poročna prstana iz rdečega zlata z diamanti,390 – Poročna prstana iz rdečega zlata z diamanti | Brežnik,390 – Poročna prstana iz rdečega zlata z diamanti,Poročna prstana model 390 iz rdečega zlata z diamanti – Zlatarna Brežnik,porocni-prstani,prstani-z-briljanti,,
3720,/391-rocno-izdelana-porocna-prstana-iz-belega-zlata/,391  Ročno izdelana poročna prstana iz belega zlata,391 – Ročno izdelana poročna prstana iz belega zlata,391 – Ročno izdelana poročna prstana iz belega zlata | Brežnik,391 – Ročno izdelana poročna prstana iz belega zlata,Ročno izdelana poročna prstana model 391 iz belega zlata – Zlatarna Brežnik,porocni-prstani,,,title 62 znakov (Google ga lahko skrajša)
3727,/394-rocno-izdelana-porocna-prstana-iz-rdecega-zlata/,394 Ročno izdelana poročna prstana iz rdečega zlata,394 – Ročno izdelana poročna prstana iz rdečega zlata,394 – Ročno izdelana poročna prstana iz rdečega zlata | Brežnik,394 – Ročno izdelana poročna prstana iz rdečega zlata,Ročno izdelana poročna prstana model 394 iz rdečega zlata – Zlatarna Brežnik,porocni-prstani,,,title 63 znakov (Google ga lahko skrajša)
3742,/395-rocno-izdelana-prstana-iz-rdecega-in-belega-zlata/,395-Ročno izdelana prstana iz rdečega in belega zlata,395 – Ročno izdelana prstana iz rdečega in belega zlata,395 – Ročno izdelana prstana iz rdečega in belega zlata | Brežnik,395 – Ročno izdelana prstana iz rdečega in belega zlata,Ročno izdelana prstana model 395 iz rdečega in belega zlata – Zlatarna Brežnik,porocni-prstani,,,title 65 znakov (Google ga lahko skrajša)
3726,/396-unikatna-prstana-iz-rdecega-zlata/,396-Unikatna prstana iz rdečega zlata,396 – Unikatna prstana iz rdečega zlata,396 – Unikatna prstana iz rdečega zlata | Brežnik,396 – Unikatna prstana iz rdečega zlata,Unikatna prstana model 396 iz rdečega zlata – Zlatarna Brežnik,porocni-prstani,,,
3732,/397-rocno-izdelana-porocna-prstana-iz-belega-zlata/,397 Ročno izdelana poročna prstana iz belega zlata,397 – Ročno izdelana poročna prstana iz belega zlata,397 – Ročno izdelana poročna prstana iz belega zlata | Brežnik,397 – Ročno izdelana poročna prstana iz belega zlata,Ročno izdelana poročna prstana model 397 iz belega zlata – Zlatarna Brežnik,porocni-prstani,,,title 62 znakov (Google ga lahko skrajša)
3741,/398-porocna-prstana-iz-rumenega-zlata/,398 Poročna prstana iz rumenega zlata,398 – Poročna prstana iz rumenega zlata,398 – Poročna prstana iz rumenega zlata | Brežnik,398 – Poročna prstana iz rumenega zlata,Poročna prstana model 398 iz rumenega zlata – Zlatarna Brežnik,porocni-prstani,,,
3730,/400-rocno-izdelana-prstana-iz-rumenega-in-belega-zlata-z-diamantom/,400 Ročno izdelana prstana iz rumenega in belega zlata z diamantom,400 – Ročno izdelana prstana iz rumenega in belega zlata z diamantom,400 – Ročno izdelana prstana iz rumenega in belega zlata z diamantom | Brežnik,400 – Ročno izdelana prstana iz rumenega in belega zlata z diamantom,Ročno izdelana prstana model 400 iz rumenega in belega zlata z diamantom – Zlatarna Brežnik,porocni-prstani,prstani-z-briljanti,,title 78 znakov (Google ga lahko skrajša)
3723,/401-rocno-izdelana-prstana-iz-rumenega-zlata/,401 Ročno izdelana prstana iz rumenega zlata,401 – Ročno izdelana prstana iz rumenega zlata,401 – Ročno izdelana prstana iz rumenega zlata | Brežnik,401 – Ročno izdelana prstana iz rumenega zlata,Ročno izdelana prstana model 401 iz rumenega zlata – Zlatarna Brežnik,porocni-prstani,,,
3859,/403-porocna-prstana/,403 – Poročna prstana,403 – Poročna prstana,403 – Poročna prstana | Brežnik,403 – Poročna prstana,"Poročna prstana, model 403 – Zlatarna Brežnik",porocni-prstani,,,
3861,/404-porocna-prstana/,404 – Poročna prstana,404 – Poročna prstana,404 – Poročna prstana | Brežnik,404 – Poročna prstana,"Poročna prstana, model 404 – Zlatarna Brežnik",porocni-prstani,,,
3944,/414-unikatna-porocna-prstana-iz-rumenega-zlata-in-briljanti/,414 – Unikatna poročna prstana iz rumenega zlata in briljanti,414 – Unikatna poročna prstana iz rumenega zlata z briljanti,414 – Unikatna poročna prstana iz rumenega zlata z briljanti | Brežnik,414 – Unikatna poročna prstana iz rumenega zlata z briljanti,Unikatna poročna prstana model 414 iz rumenega zlata z briljanti – Zlatarna Brežnik,porocni-prstani,prstani-z-briljanti,,title 70 znakov (Google ga lahko skrajša)
3948,/415-unikatna-porocna-prstana-iz-rumenega-zlata-in-briljanti/,415 – Unikatna poročna prstana iz rumenega zlata in briljanti,415 – Unikatna poročna prstana iz rumenega zlata z briljanti,415 – Unikatna poročna prstana iz rumenega zlata z briljanti | Brežnik,415 – Unikatna poročna prstana iz rumenega zlata z briljanti,Unikatna poročna prstana model 415 iz rumenega zlata z briljanti – Zlatarna Brežnik,porocni-prstani,prstani-z-briljanti,,title 70 znakov (Google ga lahko skrajša)
3943,/418-zlata-porocna-prstana-iz-rumenega-zlata-in-briljanti/,418 – Zlata poročna prstana iz rumenega zlata in briljanti,418 – Zlata poročna prstana iz rumenega zlata z briljanti,418 – Zlata poročna prstana iz rumenega zlata z briljanti | Brežnik,418 – Zlata poročna prstana iz rumenega zlata z briljanti,Zlata poročna prstana model 418 iz rumenega zlata z briljanti – Zlatarna Brežnik,porocni-prstani,prstani-z-briljanti,,title 67 znakov (Google ga lahko skrajša)
3940,/419-porocna-prstana-iz-rumenega-zlata-z-vgraviranim-prstnim-vtisom/,419 – Poročna prstana iz rumenega zlata z vgraviranim prstnim vtisom,419 – Poročna prstana iz rumenega zlata z vgraviranim prstnim vtisom,419 – Poročna prstana iz rumenega zlata z vgraviranim prstnim vtisom | Brežnik,419 – Poročna prstana iz rumenega zlata z vgraviranim prstnim vtisom,Poročna prstana model 419 iz rumenega zlata z vgraviranim prstnim vtisom – Zlatarna Brežnik,porocni-prstani,,,title 78 znakov (Google ga lahko skrajša)
3937,/421-porocna-prstana-iz-rumenega-zlata-in-briljanti/,421 – Poročna prstana iz rumenega zlata in briljanti,421 – Poročna prstana iz rumenega zlata z briljanti,421 – Poročna prstana iz rumenega zlata z briljanti | Brežnik,421 – Poročna prstana iz rumenega zlata z briljanti,Poročna prstana model 421 iz rumenega zlata z briljanti – Zlatarna Brežnik,porocni-prstani,prstani-z-briljanti,,title 61 znakov (Google ga lahko skrajša)
3947,/422-porocna-prstana-iz-rumenega-zlata-in-briljanti/,422 – Poročna prstana iz rumenega zlata in briljanti,422 – Poročna prstana iz rumenega zlata z briljanti,422 – Poročna prstana iz rumenega zlata z briljanti | Brežnik,422 – Poročna prstana iz rumenega zlata z briljanti,Poročna prstana model 422 iz rumenega zlata z briljanti – Zlatarna Brežnik,porocni-prstani,prstani-z-briljanti,,title 61 znakov (Google ga lahko skrajša)
3941,/423-zlata-porocna-prstana-iz-rumenega-zlata-in-enim-briljantom/,423 – Zlata poročna prstana iz rumenega zlata in enim briljantom,423 – Zlata poročna prstana iz rumenega zlata z enim briljantom,423 – Zlata poročna prstana iz rumenega zlata z enim briljantom | Brežnik,423 – Zlata poročna prstana iz rumenega zlata z enim briljantom,Zlata poročna prstana model 423 iz rumenega zlata z enim briljantom – Zlatarna Brežnik,porocni-prstani,prstani-z-briljanti,,title 73 znakov (Google ga lahko skrajša)
3939,/424-unikatna-in-gravirana-porocna-prstana-iz-rumenega-zlata/,424 – Unikatna in gravirana poročna prstana iz rumenega zlata,424 – Unikatna in gravirana poročna prstana iz rumenega zlata,424 – Unikatna in gravirana poročna prstana iz rumenega zlata | Brežnik,424 – Unikatna in gravirana poročna prstana iz rumenega zlata,Unikatna in gravirana poročna prstana model 424 iz rumenega zlata – Zlatarna Brežnik,porocni-prstani,,,title 71 znakov (Google ga lahko skrajša)
3946,/425-porocna-prstana-iz-rumenega-zlata-brilantom/,425 – Poročna prstana iz rumenega zlata brilantom,425 – Poročna prstana iz rumenega zlata z briljantom,425 – Poročna prstana iz rumenega zlata z briljantom | Brežnik,425 – Poročna prstana iz rumenega zlata z briljantom,Poročna prstana model 425 iz rumenega zlata z briljantom – Zlatarna Brežnik,porocni-prstani,prstani-z-briljanti,,title 62 znakov (Google ga lahko skrajša)
3942,/427-unikatna-porocna-prstana-iz-rumenega-zlata-in-brilanti/,427 – Unikatna poročna prstana iz rumenega zlata in brilijanti,427 – Unikatna poročna prstana iz rumenega zlata z briljanti,427 – Unikatna poročna prstana iz rumenega zlata z briljanti | Brežnik,427 – Unikatna poročna prstana iz rumenega zlata z briljanti,Unikatna poročna prstana model 427 iz rumenega zlata z briljanti – Zlatarna Brežnik,porocni-prstani,prstani-z-briljanti,,title 70 znakov (Google ga lahko skrajša)
3945,/429-porocna-prstana-iz-rumenega-zlata-in-briljantom/,429 – Poročna prstana iz rumenega zlata in briljantom,429 – Poročna prstana iz rumenega zlata z briljantom,429 – Poročna prstana iz rumenega zlata z briljantom | Brežnik,429 – Poročna prstana iz rumenega zlata z briljantom,Poročna prstana model 429 iz rumenega zlata z briljantom – Zlatarna Brežnik,porocni-prstani,prstani-z-briljanti,,title 62 znakov (Google ga lahko skrajša)
3934,/431-unikatna-porocna-prstana-iz-rumenega-zlata-in-briljanti/,431 – Unikatna poročna prstana iz rumenega zlata in briljanti,431 – Unikatna poročna prstana iz rumenega zlata z briljanti,431 – Unikatna poročna prstana iz rumenega zlata z briljanti | Brežnik,431 – Unikatna poročna prstana iz rumenega zlata z briljanti,Unikatna poročna prstana model 431 iz rumenega zlata z briljanti – Zlatarna Brežnik,porocni-prstani,prstani-z-briljanti,,title 70 znakov (Google ga lahko skrajša)
3994,/432-porocna-prstana-iz-belega-zlata-in-z-briljanti/,432 – Poročna prstana iz belega zlata in z briljanti.,432 – Poročna prstana iz belega zlata z briljanti,432 – Poročna prstana iz belega zlata z briljanti | Brežnik,432 – Poročna prstana iz belega zlata z briljanti,Poročna prstana model 432 iz belega zlata z briljanti – Zlatarna Brežnik,porocni-prstani,,,
3950,/432-zarocni-prstan-iz-rumenega-zlata/,432 – Zaročni prstan iz rumenega zlata,432 – Zaročni prstan iz rumenega zlata,432 – Zaročni prstan iz rumenega zlata | Brežnik,432 – Zaročni prstan iz rumenega zlata,Zaročni prstan model 432 iz rumenega zlata – Zlatarna Brežnik,zarocni-prstani,,,
3995,/433-porocna-prstana-iz-belega-zlata/,433 – Poročna prstana iz belega zlata,433 – Poročna prstana iz belega zlata,433 – Poročna prstana iz belega zlata | Brežnik,433 – Poročna prstana iz belega zlata,Poročna prstana model 433 iz belega zlata – Zlatarna Brežnik,porocni-prstani,,,
3963,/433-zarocni-prstan-iz-belega-zlata/,433 – Zaročni prstan iz belega zlata,433 – Zaročni prstan iz belega zlata,433 – Zaročni prstan iz belega zlata | Brežnik,433 – Zaročni prstan iz belega zlata,Zaročni prstan model 433 iz belega zlata – Zlatarna Brežnik,zarocni-prstani,,,
3964,/434-zarocni-prstan-iz-belega-zlata/,434 – Zaročni prstan iz belega zlata,434 – Zaročni prstan iz belega zlata,434 – Zaročni prstan iz belega zlata | Brežnik,434 – Zaročni prstan iz belega zlata,Zaročni prstan model 434 iz belega zlata – Zlatarna Brežnik,zarocni-prstani,,,
3999,/434/,434 – Poročna prstana iz belega zlata in Birlijanti,434 – Poročna prstana iz belega zlata z briljanti,434 – Poročna prstana iz belega zlata z briljanti | Brežnik,434 – Poročna prstana iz belega zlata z briljanti,Poročna prstana model 434 iz belega zlata z briljanti – Zlatarna Brežnik,porocni-prstani,prstani-z-briljanti,,
3998,/435-porocna-prstana-iz-belega-zlata/,435 – Poročna prstana iz belega zlata,435 – Poročna prstana iz belega zlata,435 – Poročna prstana iz belega zlata | Brežnik,435 – Poročna prstana iz belega zlata,Poročna prstana model 435 iz belega zlata – Zlatarna Brežnik,porocni-prstani,,,
3965,/435-zarocni-prstan-iz-rumenega-zlata/,435 – Zaročni prstan iz rumenega zlata,435 – Zaročni prstan iz rumenega zlata,435 – Zaročni prstan iz rumenega zlata | Brežnik,435 – Zaročni prstan iz rumenega zlata,Zaročni prstan model 435 iz rumenega zlata – Zlatarna Brežnik,zarocni-prstani,,,
4006,/436-porocna-prstana-iz-rumenega-zlata-in-z-briljanti/,436 – Poročna prstana iz rumenega zlata in z briljanti,436 – Poročna prstana iz rumenega zlata z briljanti,436 – Poročna prstana iz rumenega zlata z briljanti | Brežnik,436 – Poročna prstana iz rumenega zlata z briljanti,Poročna prstana model 436 iz rumenega zlata z briljanti – Zlatarna Brežnik,porocni-prstani,prstani-z-briljanti,,title 61 znakov (Google ga lahko skrajša)
3966,/436-zarocni-prstan-iz-belega-zlata/,436 – Zaročni prstan iz belega zlata,436 – Zaročni prstan iz belega zlata,436 – Zaročni prstan iz belega zlata | Brežnik,436 – Zaročni prstan iz belega zlata,Zaročni prstan model 436 iz belega zlata – Zlatarna Brežnik,zarocni-prstani,,,
4003,/437-porocna-prstana-iz-rumenga-zlata-in-z-briljanti/,437 – Poročna prstana iz rumenga zlata in z briljanti,437 – Poročna prstana iz rumenega zlata z briljanti,437 – Poročna prstana iz rumenega zlata z briljanti | Brežnik,437 – Poročna prstana iz rumenega zlata z briljanti,Poročna prstana model 437 iz rumenega zlata z briljanti – Zlatarna Brežnik,porocni-prstani,,ostali-prstani,title 61 znakov (Google ga lahko skrajša)
3967,/437-zarocni-prstan-iz-rumenega-zlata/,437 – Zaročni prstan iz rumenega zlata,437 – Zaročni prstan iz rumenega zlata,437 – Zaročni prstan iz rumenega zlata | Brežnik,437 – Zaročni prstan iz rumenega zlata,Zaročni prstan model 437 iz rumenega zlata – Zlatarna Brežnik,zarocni-prstani,,,
4004,/438-porocna-prstana-iz-rumenega-zlata-in-z-briljanti-ki-so-malo-dvignjeni/,"438 – Poročna prstana iz rumenega zlata in z briljanti,  ki so malo dvignjeni","438 – Poročna prstana iz rumenega zlata z briljanti, ki so malo dvignjeni","438 – Poročna prstana iz rumenega zlata z briljanti, ki so malo dvignjeni | Brežnik","438 – Poročna prstana iz rumenega zlata z briljanti, ki so malo dvignjeni","Poročna prstana model 438 iz rumenega zlata z briljanti, ki so malo dvignjeni – Zlatarna Brežnik",porocni-prstani,,ostali-prstani,title 83 znakov (Google ga lahko skrajša)
3968,/438-zarocni-prstan-iz-belega-zlata/,438 – Zaročni prstan iz belega zlata.,438 – Zaročni prstan iz belega zlata,438 – Zaročni prstan iz belega zlata | Brežnik,438 – Zaročni prstan iz belega zlata,Zaročni prstan model 438 iz belega zlata – Zlatarna Brežnik,zarocni-prstani,,,
4007,/439-porocna-prstana-iz-rumenga-zlata-in-z-briljanti/,439 – Poročna prstana iz rumenga zlata in z briljanti,439 – Poročna prstana iz rumenega zlata z briljanti,439 – Poročna prstana iz rumenega zlata z briljanti | Brežnik,439 – Poročna prstana iz rumenega zlata z briljanti,Poročna prstana model 439 iz rumenega zlata z briljanti – Zlatarna Brežnik,porocni-prstani,prstani-z-briljanti,,title 61 znakov (Google ga lahko skrajša)
3969,/439-zarocni-prstan-iz-belega-zlata/,439 – Zaročni prstan iz belega zlata,439 – Zaročni prstan iz belega zlata,439 – Zaročni prstan iz belega zlata | Brežnik,439 – Zaročni prstan iz belega zlata,Zaročni prstan model 439 iz belega zlata – Zlatarna Brežnik,zarocni-prstani,,,
4008,/440-porocna-prstana-iz-rumenega-zlata-in-z-briljanti/,440 – Poročna prstana iz rumenega zlata in z briljanti,440 – Poročna prstana iz rumenega zlata z briljanti,440 – Poročna prstana iz rumenega zlata z briljanti | Brežnik,440 – Poročna prstana iz rumenega zlata z briljanti,Poročna prstana model 440 iz rumenega zlata z briljanti – Zlatarna Brežnik,porocni-prstani,prstani-z-briljanti,,title 61 znakov (Google ga lahko skrajša)
3970,/440-zarocni-prstan-iz-belega-zlata/,440 – Zaročni prstan iz belega zlata,440 – Zaročni prstan iz belega zlata,440 – Zaročni prstan iz belega zlata | Brežnik,440 – Zaročni prstan iz belega zlata,Zaročni prstan model 440 iz belega zlata – Zlatarna Brežnik,zarocni-prstani,,,
4002,/441-porocna-prstana-iz-rumenga-zlata-in-z-briljanti/,441 – Poročna prstana iz rumenga zlata in z briljanti.,441 – Poročna prstana iz rumenega zlata z briljanti,441 – Poročna prstana iz rumenega zlata z briljanti | Brežnik,441 – Poročna prstana iz rumenega zlata z briljanti,Poročna prstana model 441 iz rumenega zlata z briljanti – Zlatarna Brežnik,porocni-prstani,,,title 61 znakov (Google ga lahko skrajša)
3971,/441-zarocni-prstan-iz-belega-zlata/,441 – Zaročni prstan iz belega zlata.,441 – Zaročni prstan iz belega zlata,441 – Zaročni prstan iz belega zlata | Brežnik,441 – Zaročni prstan iz belega zlata,Zaročni prstan model 441 iz belega zlata – Zlatarna Brežnik,zarocni-prstani,,,
4001,/442-porocna-prstana-iz-rumenega-zlata/,442 – Poročna prstana iz rumenega zlata,442 – Poročna prstana iz rumenega zlata,442 – Poročna prstana iz rumenega zlata | Brežnik,442 – Poročna prstana iz rumenega zlata,Poročna prstana model 442 iz rumenega zlata – Zlatarna Brežnik,porocni-prstani,,,
3972,/442-zarocni-prstan-iz-belega-zlata/,442 – Zaročni prstan iz belega zlata.,442 – Zaročni prstan iz belega zlata,442 – Zaročni prstan iz belega zlata | Brežnik,442 – Zaročni prstan iz belega zlata,Zaročni prstan model 442 iz belega zlata – Zlatarna Brežnik,zarocni-prstani,,,
4005,/443-porocni-prstani-iz-rumenega-zlata-in-z-razlicnimi-briljanti/,443 – Poročni prstani iz rumenega zlata in z različnimi briljanti,443 – Poročni prstani iz rumenega zlata z različnimi briljanti,443 – Poročni prstani iz rumenega zlata z različnimi briljanti | Brežnik,443 – Poročni prstani iz rumenega zlata z različnimi briljanti,Poročni prstani model 443 iz rumenega zlata z različnimi briljanti – Zlatarna Brežnik,porocni-prstani,prstani-z-briljanti,,title 72 znakov (Google ga lahko skrajša)
4000,/444-porocna-prstana-iz-belega-zlata-in-z-briljanti-ki-so-malo-dvignjeni/,"444 – Poročna prstana iz belega zlata in z briljanti,  ki so malo dvignjeni","444 – Poročna prstana iz belega zlata z briljanti, ki so malo dvignjeni","444 – Poročna prstana iz belega zlata z briljanti, ki so malo dvignjeni | Brežnik","444 – Poročna prstana iz belega zlata z briljanti, ki so malo dvignjeni","Poročna prstana model 444 iz belega zlata z briljanti, ki so malo dvignjeni – Zlatarna Brežnik",porocni-prstani,prstani-z-briljanti,,title 81 znakov (Google ga lahko skrajša)
3997,/445-porocna-prstana-iz-belega-zlata-in-z-briljanti/,445 – Poročna prstana iz belega zlata in z briljanti,445 – Poročna prstana iz belega zlata z briljanti,445 – Poročna prstana iz belega zlata z briljanti | Brežnik,445 – Poročna prstana iz belega zlata z briljanti,Poročna prstana model 445 iz belega zlata z briljanti – Zlatarna Brežnik,porocni-prstani,prstani-z-briljanti,,
3932,/unikatna-porocna-prstana-iz-rumenega-zlata/,430 – Unikatna poročna prstana iz rumenega zlata,430 – Unikatna poročna prstana iz rumenega zlata,430 – Unikatna poročna prstana iz rumenega zlata | Brežnik,430 – Unikatna poročna prstana iz rumenega zlata,Unikatna poročna prstana model 430 iz rumenega zlata – Zlatarna Brežnik,porocni-prstani,,,
2108,/x-porocni-in-zarocni-prstan/,x – Poročni in zaročni prstan,x – Poročni in zaročni prstan,x – Poročni in zaročni prstan | Brežnik,x – Poročni in zaročni prstan,"Poročni in zaročni prstan, model x – Zlatarna Brežnik",porocni-prstani,,ostali-prstani,
2112,/x1-kombinacija-porocna-in-zarocnega-prstana/,x1 – Kombinacija poročna in zaročnega prstana,x1 – Kombinacija poročnega in zaročnega prstana,x1 – Kombinacija poročnega in zaročnega prstana | Brežnik,x1 – Kombinacija poročnega in zaročnega prstana,"Kombinacija poročnega in zaročnega prstana, model x1 – Zlatarna Brežnik",porocni-prstani,,ostali-prstani,
2114,/x2-unikatno-izdelana-porocna-in-zarocna-prstana/,x2 – Unikatno izdelana poročna in zaročna prstana,x2 – Unikatno izdelana poročna in zaročna prstana,x2 – Unikatno izdelana poročna in zaročna prstana | Brežnik,x2 – Unikatno izdelana poročna in zaročna prstana,"Unikatno izdelana poročna in zaročna prstana, model x2 – Zlatarna Brežnik",porocni-prstani,,ostali-prstani,
2218,/x3-porocna-in-zarocna-prstana/,x3 – Poročna in zaročna prstana,x3 – Poročna in zaročna prstana,x3 – Poročna in zaročna prstana | Brežnik,x3 – Poročna in zaročna prstana,"Poročna in zaročna prstana, model x3 – Zlatarna Brežnik",porocni-prstani,,,"primarna »porocni-prstani« ni med kategorijami izdelka, preveri; zaročni + ostali: isto pravilo kot pri poročnih? (ni odločeno)"
2240,/x4-unikatni-prstani-iz-srebra-in-mineralnimi-kamni/,X4 – Unikatni prstani iz srebra in mineralnimi kamni,X4 – Unikatni prstani iz srebra in mineralnimi kamni,X4 – Unikatni prstani iz srebra in mineralnimi kamni | Brežnik,X4 – Unikatni prstani iz srebra in mineralnimi kamni,Unikatni prstani model X4 iz srebra in mineralnimi kamni – Zlatarna Brežnik,ostali-prstani,,,title 62 znakov (Google ga lahko skrajša); zaročni + ostali: isto pravilo kot pri poročnih? (ni odločeno)
2249,/x5-zarocni-prstani/,X5 – Zaročni prstani,X5 – Zaročni prstani,X5 – Zaročni prstani | Brežnik,X5 – Zaročni prstani,"Zaročni prstani, model X5 – Zlatarna Brežnik",zarocni-prstani,,,zaročni + ostali: isto pravilo kot pri poročnih? (ni odločeno)
2244,/x6-unikatni-zarocni-prstani/,X6 – Unikatni zaročni prstani,X6 – Unikatni zaročni prstani iz belega zlata,X6 – Unikatni zaročni prstani iz belega zlata | Brežnik,X6 – Unikatni zaročni prstani iz belega zlata,Unikatni zaročni prstani model X6 iz belega zlata – Zlatarna Brežnik,zarocni-prstani,,,material iz oznak: belo-zlato; zaročni + ostali: isto pravilo kot pri poročnih? (ni odločeno)
2870,/y1-swarovski-element/,y1 – Swarovski element,y1 – Swarovski element,y1 – Swarovski element | Brežnik,y1 – Swarovski element,"Swarovski element, model y1 – Zlatarna Brežnik",swarovski-elements,,,
2889,/y10-swarovski-element/,y10 – Swarovski element,y10 – Swarovski element,y10 – Swarovski element | Brežnik,y10 – Swarovski element,"Swarovski element, model y10 – Zlatarna Brežnik",swarovski-elements,,,
2891,/y11-swarovski-element/,y11 – Swarovski element,y11 – Swarovski element,y11 – Swarovski element | Brežnik,y11 – Swarovski element,"Swarovski element, model y11 – Zlatarna Brežnik",swarovski-elements,,,
2893,/y12-swarovski-element/,y12 – Swarovski element,y12 – Swarovski element,y12 – Swarovski element | Brežnik,y12 – Swarovski element,"Swarovski element, model y12 – Zlatarna Brežnik",swarovski-elements,,,
2895,/y13-swarovski-element/,y13 – Swarovski element,y13 – Swarovski element,y13 – Swarovski element | Brežnik,y13 – Swarovski element,"Swarovski element, model y13 – Zlatarna Brežnik",swarovski-elements,,,
2897,/y14-swarovski-element/,y14 – Swarovski element,y14 – Swarovski element,y14 – Swarovski element | Brežnik,y14 – Swarovski element,"Swarovski element, model y14 – Zlatarna Brežnik",swarovski-elements,,,
2901,/y15-swarovski-element/,y15 – Swarovski element,y15 – Swarovski element,y15 – Swarovski element | Brežnik,y15 – Swarovski element,"Swarovski element, model y15 – Zlatarna Brežnik",swarovski-elements,,,
2903,/y16-swarovski-element/,y16 – Swarovski element,y16 – Swarovski element,y16 – Swarovski element | Brežnik,y16 – Swarovski element,"Swarovski element, model y16 – Zlatarna Brežnik",swarovski-elements,,,
2905,/y17-swarovski-element/,y17 – Swarovski element,y17 – Swarovski element,y17 – Swarovski element | Brežnik,y17 – Swarovski element,"Swarovski element, model y17 – Zlatarna Brežnik",swarovski-elements,,,
2907,/y18-swarovski-element/,y18 – Swarovski element,y18 – Swarovski element,y18 – Swarovski element | Brežnik,y18 – Swarovski element,"Swarovski element, model y18 – Zlatarna Brežnik",swarovski-elements,,,
2993,/y19-swarovski-element/,y19 – Swarovski element,y19 – Swarovski element,y19 – Swarovski element | Brežnik,y19 – Swarovski element,"Swarovski element, model y19 – Zlatarna Brežnik",swarovski-elements,,,
2873,/y2-swarovski-element/,y2 – Swarovski element,y2 – Swarovski element,y2 – Swarovski element | Brežnik,y2 – Swarovski element,"Swarovski element, model y2 – Zlatarna Brežnik",swarovski-elements,,,
2911,/y20-swarovski-element/,y20 – Swarovski element,y20 – Swarovski element,y20 – Swarovski element | Brežnik,y20 – Swarovski element,"Swarovski element, model y20 – Zlatarna Brežnik",swarovski-elements,,,
2875,/y3-swarovski-element/,y3 – Swarovski element,y3 – Swarovski element,y3 – Swarovski element | Brežnik,y3 – Swarovski element,"Swarovski element, model y3 – Zlatarna Brežnik",swarovski-elements,,,
2877,/y4-swarovski-elements/,y4 – Swarovski elements,y4 – Swarovski element,y4 – Swarovski element | Brežnik,y4 – Swarovski element,"Swarovski element, model y4 – Zlatarna Brežnik",swarovski-elements,,,
2879,/y5-swarovski-element/,y5 – Swarovski element,y5 – Swarovski element,y5 – Swarovski element | Brežnik,y5 – Swarovski element,"Swarovski element, model y5 – Zlatarna Brežnik",swarovski-elements,,,
2881,/y6-swarovski-element/,y6 – Swarovski element,y6 – Swarovski element,y6 – Swarovski element | Brežnik,y6 – Swarovski element,"Swarovski element, model y6 – Zlatarna Brežnik",swarovski-elements,,,
2883,/y7-swarovski-element/,y7 – Swarovski element,y7 – Swarovski element,y7 – Swarovski element | Brežnik,y7 – Swarovski element,"Swarovski element, model y7 – Zlatarna Brežnik",swarovski-elements,,,
2885,/y8-swarovski-element/,y8 – Swarovski element,y8 – Swarovski element,y8 – Swarovski element | Brežnik,y8 – Swarovski element,"Swarovski element, model y8 – Zlatarna Brežnik",swarovski-elements,,,
2887,/y9-swarovski-element/,y9 – Swarovski element,y9 – Swarovski element,y9 – Swarovski element | Brežnik,y9 – Swarovski element,"Swarovski element, model y9 – Zlatarna Brežnik",swarovski-elements,,,
