OLD URL,NEW URL,STATUS,ACTION,GSC PRIORITY,NOTE
https://www.zlatarna-breznik.si/cene-porocnih-prstanov-v-letu-2024/,https://www.zlatarna-breznik.si/cena-porocnih-prstanov/,200,301,HIGH,"Po navodilu: uporabno vsebino (dejavniki cene) prenesi v evergreen stran, nato 301. Zdaj na dev še 200."
https://www.zlatarna-breznik.si/,https://www.zlatarna-breznik.si/,200,KEEP,HIGH,
https://www.zlatarna-breznik.si/3902-2/,https://www.zlatarna-breznik.si/3902-2/,200,KEEP,HIGH,
https://www.zlatarna-breznik.si/barve-diamanta/,https://www.zlatarna-breznik.si/barve-diamanta/,200,KEEP,HIGH,
https://www.zlatarna-breznik.si/blog/,https://www.zlatarna-breznik.si/blog/,200,KEEP,HIGH,
https://www.zlatarna-breznik.si/cena-porocnih-prstanov/,https://www.zlatarna-breznik.si/cena-porocnih-prstanov/,200,KEEP,HIGH,
https://www.zlatarna-breznik.si/cena-zarocnih-prstanov/,https://www.zlatarna-breznik.si/cena-zarocnih-prstanov/,200,KEEP,HIGH,
https://www.zlatarna-breznik.si/ideje-in-nasveti-za-graviranje-vasega-porocnega-prstana/,https://www.zlatarna-breznik.si/ideje-in-nasveti-za-graviranje-vasega-porocnega-prstana/,200,KEEP,HIGH,
https://www.zlatarna-breznik.si/katalog/,https://www.zlatarna-breznik.si/katalog/,200,KEEP,HIGH,
https://www.zlatarna-breznik.si/kontakt/,https://www.zlatarna-breznik.si/kontakt/,200,KEEP,HIGH,
https://www.zlatarna-breznik.si/ostali-prstani/,https://www.zlatarna-breznik.si/ostali-prstani/,200,KEEP,HIGH,
https://www.zlatarna-breznik.si/ostali-prstani/prstani-z-briljanti/,https://www.zlatarna-breznik.si/ostali-prstani/prstani-z-briljanti/,200,KEEP,HIGH,
https://www.zlatarna-breznik.si/ostali-prstani/zenski-prstani/,https://www.zlatarna-breznik.si/ostali-prstani/zenski-prstani/,200,KEEP,HIGH,
https://www.zlatarna-breznik.si/oznaka-izdelka/zarocni-prstan/,https://www.zlatarna-breznik.si/zarocni-prstani/,200,MANUAL REVIEW,HIGH,Oznaka izdelka tekmuje z /zarocni-prstani/ (H1 na dev je napačen: »Katalog naših prstanov.«). Predlog: 301 na /zarocni-prstani/.
https://www.zlatarna-breznik.si/porocni-prstani/,https://www.zlatarna-breznik.si/porocni-prstani/,200,KEEP,HIGH,
https://www.zlatarna-breznik.si/porocni-prstani/unikatni-porocni-prstani/,https://www.zlatarna-breznik.si/porocni-prstani/unikatni-porocni-prstani/,200,KEEP,HIGH,
https://www.zlatarna-breznik.si/predstavitev-podjetja/,https://www.zlatarna-breznik.si/predstavitev-podjetja/,200,KEEP,HIGH,
https://www.zlatarna-breznik.si/raje-porocni-ali-zarocni-prstani-s-cirkoni-ali-z-diamanti/,https://www.zlatarna-breznik.si/raje-porocni-ali-zarocni-prstani-s-cirkoni-ali-z-diamanti/,200,KEEP,HIGH,
https://www.zlatarna-breznik.si/tag/cenik-porocnih-prstanov/,https://www.zlatarna-breznik.si/cena-porocnih-prstanov/,200,MANUAL REVIEW,HIGH,Oznaka tekmuje s stranjo cen. Predlog: 301 na /cena-porocnih-prstanov/.
https://www.zlatarna-breznik.si/tag/zarocni-prstan/,https://www.zlatarna-breznik.si/zarocni-prstani/,200,MANUAL REVIEW,HIGH,Oznaka bloga tekmuje z glavno zaročno stranjo. Predlog: 301 na /zarocni-prstani/ (preveri GSC klike).
https://www.zlatarna-breznik.si/tag/zarocni-prstani/,https://www.zlatarna-breznik.si/zarocni-prstani/,200,MANUAL REVIEW,HIGH,Oznaka bloga tekmuje z glavno zaročno stranjo. Predlog: 301 na /zarocni-prstani/.
https://www.zlatarna-breznik.si/zarocni-prstani-in-zanimiva-dejstva-o-njih/,https://www.zlatarna-breznik.si/zarocni-prstani-in-zanimiva-dejstva-o-njih/,200,KEEP,HIGH,
https://www.zlatarna-breznik.si/zarocni-prstani/,https://www.zlatarna-breznik.si/zarocni-prstani/,200,KEEP,HIGH,
https://www.zlatarna-breznik.si/4017-2/,https://www.zlatarna-breznik.si/guess-nakit/,301 → /guess-nakit/ (200),301,MEDIUM,Stara stran »Guess« → nova /guess-nakit/; na dev že deluje kot en 301.
https://www.zlatarna-breznik.si/067-porocna-prstana/,https://www.zlatarna-breznik.si/067-porocna-prstana/,200,KEEP,MEDIUM,Izdelek: 067 – Poročna prstana
https://www.zlatarna-breznik.si/068-porocna-prstana/,https://www.zlatarna-breznik.si/067-porocna-prstana/,200,MANUAL REVIEW,MEDIUM,"Fotografija skoraj enaka modelu 067. Naročnik naj potrdi, ali gre za različna modela."
https://www.zlatarna-breznik.si/118-porocna-prstana/,https://www.zlatarna-breznik.si/118-rocno-izdelana-porocna-prstana-iz-belega-in-rumenega-zlata/,200,MANUAL REVIEW,MEDIUM,"Verjetno isti model kot /118-rocno-izdelana-…/ (enak dizajn, druga fotografija). Odločitev po GSC klikih in potrditvi naročnika."
https://www.zlatarna-breznik.si/118-rocno-izdelana-porocna-prstana-iz-belega-in-rumenega-zlata/,https://www.zlatarna-breznik.si/118-rocno-izdelana-porocna-prstana-iz-belega-in-rumenega-zlata/,200,KEEP,MEDIUM,Izdelek: 118 – Ročno izdelana poročna prstana iz belega in rumenega zlata
https://www.zlatarna-breznik.si/152-posebni-unikatni-porocni-prstani/,https://www.zlatarna-breznik.si/152-posebni-unikatni-porocni-prstani/,200,KEEP,MEDIUM,Izdelek: 152 – Posebni – Unikatni poročni prstani
https://www.zlatarna-breznik.si/432-porocna-prstana-iz-belega-zlata-in-z-briljanti/,https://www.zlatarna-breznik.si/432-porocna-prstana-iz-belega-zlata-in-z-briljanti/,200,KEEP,MEDIUM,Izdelek: 432 – Poročna prstana iz belega zlata in z briljanti.
https://www.zlatarna-breznik.si/432-zarocni-prstan-iz-rumenega-zlata/,https://www.zlatarna-breznik.si/432-zarocni-prstan-iz-rumenega-zlata/,200,KEEP,MEDIUM,Izdelek: 432 – Zaročni prstan iz rumenega zlata
https://www.zlatarna-breznik.si/433-porocna-prstana-iz-belega-zlata/,https://www.zlatarna-breznik.si/433-porocna-prstana-iz-belega-zlata/,200,KEEP,MEDIUM,Izdelek: 433 – Poročna prstana iz belega zlata
https://www.zlatarna-breznik.si/433-zarocni-prstan-iz-belega-zlata/,https://www.zlatarna-breznik.si/433-zarocni-prstan-iz-belega-zlata/,200,KEEP,MEDIUM,Izdelek: 433 – Zaročni prstan iz belega zlata
https://www.zlatarna-breznik.si/434-zarocni-prstan-iz-belega-zlata/,https://www.zlatarna-breznik.si/434-zarocni-prstan-iz-belega-zlata/,200,KEEP,MEDIUM,Izdelek: 434 – Zaročni prstan iz belega zlata
https://www.zlatarna-breznik.si/434/,https://www.zlatarna-breznik.si/434/,200,KEEP,MEDIUM,Izdelek: 434 – Poročna prstana iz belega zlata in Birlijanti
https://www.zlatarna-breznik.si/435-porocna-prstana-iz-belega-zlata/,https://www.zlatarna-breznik.si/435-porocna-prstana-iz-belega-zlata/,200,KEEP,MEDIUM,Izdelek: 435 – Poročna prstana iz belega zlata
https://www.zlatarna-breznik.si/435-zarocni-prstan-iz-rumenega-zlata/,https://www.zlatarna-breznik.si/435-zarocni-prstan-iz-rumenega-zlata/,200,KEEP,MEDIUM,Izdelek: 435 – Zaročni prstan iz rumenega zlata
https://www.zlatarna-breznik.si/436-porocna-prstana-iz-rumenega-zlata-in-z-briljanti/,https://www.zlatarna-breznik.si/436-porocna-prstana-iz-rumenega-zlata-in-z-briljanti/,200,KEEP,MEDIUM,Izdelek: 436 – Poročna prstana iz rumenega zlata in z briljanti
https://www.zlatarna-breznik.si/436-zarocni-prstan-iz-belega-zlata/,https://www.zlatarna-breznik.si/436-zarocni-prstan-iz-belega-zlata/,200,KEEP,MEDIUM,Izdelek: 436 – Zaročni prstan iz belega zlata
https://www.zlatarna-breznik.si/437-porocna-prstana-iz-rumenga-zlata-in-z-briljanti/,https://www.zlatarna-breznik.si/437-porocna-prstana-iz-rumenga-zlata-in-z-briljanti/,200,KEEP,MEDIUM,Izdelek: 437 – Poročna prstana iz rumenga zlata in z briljanti
https://www.zlatarna-breznik.si/437-zarocni-prstan-iz-rumenega-zlata/,https://www.zlatarna-breznik.si/437-zarocni-prstan-iz-rumenega-zlata/,200,KEEP,MEDIUM,Izdelek: 437 – Zaročni prstan iz rumenega zlata
https://www.zlatarna-breznik.si/438-porocna-prstana-iz-rumenega-zlata-in-z-briljanti-ki-so-malo-dvignjeni/,https://www.zlatarna-breznik.si/438-porocna-prstana-iz-rumenega-zlata-in-z-briljanti-ki-so-malo-dvignjeni/,200,KEEP,MEDIUM,"Izdelek: 438 – Poročna prstana iz rumenega zlata in z briljanti,  ki so malo dvignjeni"
https://www.zlatarna-breznik.si/438-zarocni-prstan-iz-belega-zlata/,https://www.zlatarna-breznik.si/438-zarocni-prstan-iz-belega-zlata/,200,KEEP,MEDIUM,Izdelek: 438 – Zaročni prstan iz belega zlata.
https://www.zlatarna-breznik.si/439-porocna-prstana-iz-rumenga-zlata-in-z-briljanti/,https://www.zlatarna-breznik.si/439-porocna-prstana-iz-rumenga-zlata-in-z-briljanti/,200,KEEP,MEDIUM,Izdelek: 439 – Poročna prstana iz rumenga zlata in z briljanti
https://www.zlatarna-breznik.si/439-zarocni-prstan-iz-belega-zlata/,https://www.zlatarna-breznik.si/439-zarocni-prstan-iz-belega-zlata/,200,KEEP,MEDIUM,Izdelek: 439 – Zaročni prstan iz belega zlata
https://www.zlatarna-breznik.si/440-porocna-prstana-iz-rumenega-zlata-in-z-briljanti/,https://www.zlatarna-breznik.si/440-porocna-prstana-iz-rumenega-zlata-in-z-briljanti/,200,KEEP,MEDIUM,Izdelek: 440 – Poročna prstana iz rumenega zlata in z briljanti
https://www.zlatarna-breznik.si/440-zarocni-prstan-iz-belega-zlata/,https://www.zlatarna-breznik.si/440-zarocni-prstan-iz-belega-zlata/,200,KEEP,MEDIUM,Izdelek: 440 – Zaročni prstan iz belega zlata
https://www.zlatarna-breznik.si/441-porocna-prstana-iz-rumenga-zlata-in-z-briljanti/,https://www.zlatarna-breznik.si/441-porocna-prstana-iz-rumenga-zlata-in-z-briljanti/,200,KEEP,MEDIUM,Izdelek: 441 – Poročna prstana iz rumenga zlata in z briljanti.
https://www.zlatarna-breznik.si/441-zarocni-prstan-iz-belega-zlata/,https://www.zlatarna-breznik.si/441-zarocni-prstan-iz-belega-zlata/,200,KEEP,MEDIUM,Izdelek: 441 – Zaročni prstan iz belega zlata.
https://www.zlatarna-breznik.si/442-porocna-prstana-iz-rumenega-zlata/,https://www.zlatarna-breznik.si/442-porocna-prstana-iz-rumenega-zlata/,200,KEEP,MEDIUM,Izdelek: 442 – Poročna prstana iz rumenega zlata
https://www.zlatarna-breznik.si/442-zarocni-prstan-iz-belega-zlata/,https://www.zlatarna-breznik.si/442-zarocni-prstan-iz-belega-zlata/,200,KEEP,MEDIUM,Izdelek: 442 – Zaročni prstan iz belega zlata.
https://www.zlatarna-breznik.si/443-porocni-prstani-iz-rumenega-zlata-in-z-razlicnimi-briljanti/,https://www.zlatarna-breznik.si/443-porocni-prstani-iz-rumenega-zlata-in-z-razlicnimi-briljanti/,200,KEEP,MEDIUM,Izdelek: 443 – Poročni prstani iz rumenega zlata in z različnimi briljanti
https://www.zlatarna-breznik.si/444-porocna-prstana-iz-belega-zlata-in-z-briljanti-ki-so-malo-dvignjeni/,https://www.zlatarna-breznik.si/444-porocna-prstana-iz-belega-zlata-in-z-briljanti-ki-so-malo-dvignjeni/,200,KEEP,MEDIUM,"Izdelek: 444 – Poročna prstana iz belega zlata in z briljanti,  ki so malo dvignjeni"
https://www.zlatarna-breznik.si/445-porocna-prstana-iz-belega-zlata-in-z-briljanti/,https://www.zlatarna-breznik.si/445-porocna-prstana-iz-belega-zlata-in-z-briljanti/,200,KEEP,MEDIUM,Izdelek: 445 – Poročna prstana iz belega zlata in z briljanti
https://www.zlatarna-breznik.si/5-stvari-ki-jih-mora-narediti-nevesta-pred-poroko/,https://www.zlatarna-breznik.si/5-stvari-ki-jih-mora-narediti-nevesta-pred-poroko/,200,KEEP,MEDIUM,
https://www.zlatarna-breznik.si/ali-se-se-izplaca-vlagati-v-zlato/,https://www.zlatarna-breznik.si/ali-se-se-izplaca-vlagati-v-zlato/,200,KEEP,MEDIUM,
https://www.zlatarna-breznik.si/ideje-za-romanticno-snubitev/,https://www.zlatarna-breznik.si/ideje-za-romanticno-snubitev/,200,KEEP,MEDIUM,
https://www.zlatarna-breznik.si/kaj-moramo-vedeti-o-prstanih/,https://www.zlatarna-breznik.si/kaj-moramo-vedeti-o-prstanih/,200,KEEP,MEDIUM,
https://www.zlatarna-breznik.si/kako-uskladiti-porocno-obleko-s-porocnim-prstanom/,https://www.zlatarna-breznik.si/kako-uskladiti-porocno-obleko-s-porocnim-prstanom/,200,KEEP,MEDIUM,
https://www.zlatarna-breznik.si/koliko-casa-pred-poroko-morajo-biti-porocni-prstani-ze-izbrani/,https://www.zlatarna-breznik.si/koliko-casa-pred-poroko-morajo-biti-porocni-prstani-ze-izbrani/,200,KEEP,MEDIUM,
https://www.zlatarna-breznik.si/koristni-nasveti-ob-nakupu-porocnega-prstana/,https://www.zlatarna-breznik.si/koristni-nasveti-ob-nakupu-porocnega-prstana/,200,KEEP,MEDIUM,
https://www.zlatarna-breznik.si/prstani-za-edinstvene-zivljenjske-dogodke/,https://www.zlatarna-breznik.si/prstani-za-edinstvene-zivljenjske-dogodke/,200,KEEP,MEDIUM,
https://www.zlatarna-breznik.si/simbolika-zarocnega-prstana/,https://www.zlatarna-breznik.si/simbolika-zarocnega-prstana/,200,KEEP,MEDIUM,
https://www.zlatarna-breznik.si/swarovski-elements/,https://www.zlatarna-breznik.si/swarovski-elements/,200,KEEP,MEDIUM,
https://www.zlatarna-breznik.si/trendi-moskih-porocnih-prstanov/,https://www.zlatarna-breznik.si/trendi-moskih-porocnih-prstanov/,200,KEEP,MEDIUM,
https://www.zlatarna-breznik.si/trendi-zarocnih-prstanov-v-letu-2020/,https://www.zlatarna-breznik.si/trendi-zarocnih-prstanov-v-letu-2020/,200,KEEP,MEDIUM,
https://www.zlatarna-breznik.si/trendi-zarocnih-prstanov-za-leto-2021/,https://www.zlatarna-breznik.si/trendi-zarocnih-prstanov-za-leto-2021/,200,KEEP,MEDIUM,
https://www.zlatarna-breznik.si/varovanje-osebnih-podatkov/,https://www.zlatarna-breznik.si/varovanje-osebnih-podatkov/,200,KEEP,MEDIUM,
https://www.zlatarna-breznik.si/zgodovina-vecnega-diamanta/,https://www.zlatarna-breznik.si/zgodovina-vecnega-diamanta/,200,KEEP,MEDIUM,
https://www.zlatarna-breznik.si/kategorija-izdelka/porocni-prstani/,https://www.zlatarna-breznik.si/porocni-prstani/,200,301,LOW,Privzeta WooCommerce pot kategorije vrača 200 s polno vsebino (podvojen URL). Na produkciji je bil le canonical. Predlog: 301 za vse /kategorija-izdelka/*.
https://www.zlatarna-breznik.si/003-porocni-prstani-razlicnih-dimenzij-iz-rumenega-zlata-z-brilijanti/,https://www.zlatarna-breznik.si/003-porocni-prstani-razlicnih-dimenzij-iz-rumenega-zlata-z-brilijanti/,200,KEEP,LOW,Izdelek: 410 do 413 – Poročni prstani različnih dimenzij iz rumenega zlata z Brilijanti
https://www.zlatarna-breznik.si/005-zarocni-prstan/,https://www.zlatarna-breznik.si/005-zarocni-prstan/,200,KEEP,LOW,Izdelek: 005 – Zaročni prstan
https://www.zlatarna-breznik.si/006-zarocni-prstan/,https://www.zlatarna-breznik.si/006-zarocni-prstan/,200,KEEP,LOW,Izdelek: 006- Zaročni prstan
https://www.zlatarna-breznik.si/007-zarocni-prstan/,https://www.zlatarna-breznik.si/007-zarocni-prstan/,200,KEEP,LOW,Izdelek: 007 – Zaročni prstan
https://www.zlatarna-breznik.si/008-porocna-prstana/,https://www.zlatarna-breznik.si/008-porocna-prstana/,200,KEEP,LOW,Izdelek: 008 – Poročna prstana
https://www.zlatarna-breznik.si/009-zarocni-prstan/,https://www.zlatarna-breznik.si/009-zarocni-prstan/,200,KEEP,LOW,Izdelek: 009- Zaročni prstan
https://www.zlatarna-breznik.si/013-porocna-prstana-z-diamanti/,https://www.zlatarna-breznik.si/013-porocna-prstana-z-diamanti/,200,KEEP,LOW,Izdelek: 013 – Poročna prstana z diamanti
https://www.zlatarna-breznik.si/027-rocno-izdelana-porocna-prstana/,https://www.zlatarna-breznik.si/027-rocno-izdelana-porocna-prstana/,200,KEEP,LOW,Izdelek: 027 – Ročno izdelana poročna prstana
https://www.zlatarna-breznik.si/028-porocna-prstana-z-diamanti/,https://www.zlatarna-breznik.si/028-porocna-prstana-z-diamanti/,200,KEEP,LOW,Izdelek: 028 – Poročna prstana z diamanti
https://www.zlatarna-breznik.si/034-porocna-prstana/,https://www.zlatarna-breznik.si/034-porocna-prstana/,200,KEEP,LOW,Izdelek: 034 – Poročna prstana
https://www.zlatarna-breznik.si/036-porocna-prstana/,https://www.zlatarna-breznik.si/036-porocna-prstana/,200,KEEP,LOW,Izdelek: 036 – Poročna prstana
https://www.zlatarna-breznik.si/039-porocna-prstana-iz-rumenega-zlata-in-enim-briljantom/,https://www.zlatarna-breznik.si/039-porocna-prstana-iz-rumenega-zlata-in-enim-briljantom/,200,KEEP,LOW,Izdelek: 039 – Poročna prstana iz rumenega zlata in enim briljantom
https://www.zlatarna-breznik.si/039-porocna-prstana-z-prevleko-iz-crnega-rodija/,https://www.zlatarna-breznik.si/039-porocna-prstana-z-prevleko-iz-crnega-rodija/,200,KEEP,LOW,Izdelek: 039 – Poročna prstana z prevleko iz črnega rodija
https://www.zlatarna-breznik.si/047-rocno-izdelana-porocna-prstana/,https://www.zlatarna-breznik.si/047-rocno-izdelana-porocna-prstana/,200,KEEP,LOW,Izdelek: 047- Ročno izdelana poročna prstana
https://www.zlatarna-breznik.si/049-rocno-izdelana-porocna-prstana-iz-rdecega-in-belega-zlata/,https://www.zlatarna-breznik.si/049-rocno-izdelana-porocna-prstana-iz-rdecega-in-belega-zlata/,200,KEEP,LOW,Izdelek: 049 – Ročno izdelana poročna prstana iz rdečega in belega zlata
https://www.zlatarna-breznik.si/050-porocna-prstana-z-diamanti/,https://www.zlatarna-breznik.si/050-porocna-prstana-z-diamanti/,200,KEEP,LOW,Izdelek: 050 – Poročna prstana z diamanti
https://www.zlatarna-breznik.si/051-porocna-prstana-z-diamanti-in-prevleko-iz-crnega-rodija/,https://www.zlatarna-breznik.si/051-porocna-prstana-z-diamanti-in-prevleko-iz-crnega-rodija/,200,KEEP,LOW,Izdelek: 051 – Poročna prstana z diamanti in prevleko iz črnega rodija
https://www.zlatarna-breznik.si/052-bela-porocna-prstana/,https://www.zlatarna-breznik.si/052-bela-porocna-prstana/,200,KEEP,LOW,Izdelek: 052 – Bela poročna prstana
https://www.zlatarna-breznik.si/053-porocna-prstana-z-prevleko-iz-crnega-rodija/,https://www.zlatarna-breznik.si/053-porocna-prstana-z-prevleko-iz-crnega-rodija/,200,KEEP,LOW,Izdelek: 053 – Poročna prstana z prevleko iz črnega rodija
https://www.zlatarna-breznik.si/055-rocno-izdelana-porocna-prstana/,https://www.zlatarna-breznik.si/055-rocno-izdelana-porocna-prstana/,200,KEEP,LOW,Izdelek: 055 – Ročno izdelana poročna prstana
https://www.zlatarna-breznik.si/057-porocna-prstana-iz-rumenega-zlata-in-briljanti/,https://www.zlatarna-breznik.si/057-porocna-prstana-iz-rumenega-zlata-in-briljanti/,200,KEEP,LOW,Izdelek: 057 – Poročna prstana iz rumenega zlata in briljanti
https://www.zlatarna-breznik.si/057-porocna-prstana/,https://www.zlatarna-breznik.si/057-porocna-prstana/,200,KEEP,LOW,Izdelek: 057 – Poročna prstana
https://www.zlatarna-breznik.si/059-porocna-prstana-z-prevleko-iz-crnega-rodija/,https://www.zlatarna-breznik.si/059-porocna-prstana-z-prevleko-iz-crnega-rodija/,200,KEEP,LOW,Izdelek: 059 – Poročna prstana z prevleko iz črnega rodija
https://www.zlatarna-breznik.si/060-porocna-prstana-z-diamanti/,https://www.zlatarna-breznik.si/060-porocna-prstana-z-diamanti/,200,KEEP,LOW,Izdelek: 060 – Poročna prstana z diamanti
https://www.zlatarna-breznik.si/061-porocna-prstana-z-diamanti-in-prevleko-iz-crnega-rodija/,https://www.zlatarna-breznik.si/061-porocna-prstana-z-diamanti-in-prevleko-iz-crnega-rodija/,200,KEEP,LOW,Izdelek: 061 – Poročna prstana z diamanti in prevleko iz črnega rodija
https://www.zlatarna-breznik.si/062-porocna-prstana-z-diamanti/,https://www.zlatarna-breznik.si/062-porocna-prstana-z-diamanti/,200,KEEP,LOW,Izdelek: 062 – Poročna prstana z diamanti
https://www.zlatarna-breznik.si/065-porocna-prstana-z-diamanti/,https://www.zlatarna-breznik.si/065-porocna-prstana-z-diamanti/,200,KEEP,LOW,Izdelek: 065 – Poročna prstana z diamanti
https://www.zlatarna-breznik.si/066-porocna-prstana/,https://www.zlatarna-breznik.si/066-porocna-prstana/,200,KEEP,LOW,Izdelek: 066 – Poročna prstana
https://www.zlatarna-breznik.si/070-porocna-prstana-z-diamanti/,https://www.zlatarna-breznik.si/070-porocna-prstana-z-diamanti/,200,KEEP,LOW,Izdelek: 070 – Poročna prstana z diamanti
https://www.zlatarna-breznik.si/072-porocna-prstana/,https://www.zlatarna-breznik.si/072-porocna-prstana/,200,KEEP,LOW,Izdelek: 072 – Poročna prstana
https://www.zlatarna-breznik.si/073-porocna-prstana-z-diamanti/,https://www.zlatarna-breznik.si/073-porocna-prstana-z-diamanti/,200,KEEP,LOW,Izdelek: 073 – Poročna prstana z diamanti
https://www.zlatarna-breznik.si/074-porocna-prstana-z-diamanti-in-prevleko-iz-crnega-rodija/,https://www.zlatarna-breznik.si/074-porocna-prstana-z-diamanti-in-prevleko-iz-crnega-rodija/,200,KEEP,LOW,Izdelek: 074 – Poročna prstana z diamanti in prevleko iz črnega rodija
https://www.zlatarna-breznik.si/075-kombiniran-porocni-prstan/,https://www.zlatarna-breznik.si/075-kombiniran-porocni-prstan/,200,KEEP,LOW,Izdelek: 075 – Kombiniran poročni prstan
https://www.zlatarna-breznik.si/077-unikatna-rocno-izdelana-porocna-prstana/,https://www.zlatarna-breznik.si/077-unikatna-rocno-izdelana-porocna-prstana/,200,KEEP,LOW,Izdelek: 077 – Unikatna ročno izdelana poročna prstana
https://www.zlatarna-breznik.si/078-porocna-prstana-z-diamanti/,https://www.zlatarna-breznik.si/078-porocna-prstana-z-diamanti/,200,KEEP,LOW,Izdelek: 078 – Poročna prstana z diamanti
https://www.zlatarna-breznik.si/079-porocna-prstana-z-diamanti/,https://www.zlatarna-breznik.si/079-porocna-prstana-z-diamanti/,200,KEEP,LOW,Izdelek: 079 – Poročna prstana z diamanti
https://www.zlatarna-breznik.si/082-bela-porocna-prstana/,https://www.zlatarna-breznik.si/082-bela-porocna-prstana/,200,KEEP,LOW,Izdelek: 082 – Bela poročna prstana
https://www.zlatarna-breznik.si/083-porocna-prstana-z-diamanti/,https://www.zlatarna-breznik.si/083-porocna-prstana-z-diamanti/,200,KEEP,LOW,Izdelek: 083 – Poročna prstana z diamanti
https://www.zlatarna-breznik.si/084-porocna-prstana/,https://www.zlatarna-breznik.si/084-porocna-prstana/,200,KEEP,LOW,Izdelek: 084 – Poročna prstana
https://www.zlatarna-breznik.si/085-porocna-prstana/,https://www.zlatarna-breznik.si/085-porocna-prstana/,200,KEEP,LOW,Izdelek: 085 – Poročna prstana
https://www.zlatarna-breznik.si/086-porocna-prstana/,https://www.zlatarna-breznik.si/086-porocna-prstana/,200,KEEP,LOW,Izdelek: 086 – Poročna prstana
https://www.zlatarna-breznik.si/087-unikatna-porocna-prstana/,https://www.zlatarna-breznik.si/087-unikatna-porocna-prstana/,200,KEEP,LOW,Izdelek: 087 – Unikatna poročna prstana
https://www.zlatarna-breznik.si/089-porocna-prstana/,https://www.zlatarna-breznik.si/089-porocna-prstana/,200,KEEP,LOW,Izdelek: 089 – Poročna prstana
https://www.zlatarna-breznik.si/102-bela-porocna-prstana/,https://www.zlatarna-breznik.si/102-bela-porocna-prstana/,200,KEEP,LOW,Izdelek: 102 – Bela poročna prstana
https://www.zlatarna-breznik.si/106-bela-porocna-prstana/,https://www.zlatarna-breznik.si/106-bela-porocna-prstana/,200,KEEP,LOW,Izdelek: 106 – Bela poročna prstana
https://www.zlatarna-breznik.si/107-porocna-prstana/,https://www.zlatarna-breznik.si/107-porocna-prstana/,200,KEEP,LOW,Izdelek: 107 – Poročna prstana
https://www.zlatarna-breznik.si/108-porocna-prstana-z-diamanti/,https://www.zlatarna-breznik.si/108-porocna-prstana-z-diamanti/,200,KEEP,LOW,Izdelek: 108 – Poročna prstana z diamanti
https://www.zlatarna-breznik.si/113-porocna-prstana/,https://www.zlatarna-breznik.si/113-porocna-prstana/,200,KEEP,LOW,Izdelek: 113 – Poročna prstana
https://www.zlatarna-breznik.si/114-unikatna-rocno-izdelana-porocna-prstana/,https://www.zlatarna-breznik.si/114-unikatna-rocno-izdelana-porocna-prstana/,200,KEEP,LOW,Izdelek: 114 – Unikatna ročno izdelana poročna prstana
https://www.zlatarna-breznik.si/115-rocno-izdelana-porocna-prstana/,https://www.zlatarna-breznik.si/115-rocno-izdelana-porocna-prstana/,200,KEEP,LOW,Izdelek: 115-Rocno izdelana poročna prstana
https://www.zlatarna-breznik.si/116-posebni-unikatno-rocno-izdelana-porocna-prstana/,https://www.zlatarna-breznik.si/116-posebni-unikatno-rocno-izdelana-porocna-prstana/,200,KEEP,LOW,Izdelek: 116 – Posebni – unikatno ročno izdelana poročna prstana
https://www.zlatarna-breznik.si/117-unikatna-porocna-prstana/,https://www.zlatarna-breznik.si/117-unikatna-porocna-prstana/,200,KEEP,LOW,Izdelek: 117 – Unikatna poročna prstana
https://www.zlatarna-breznik.si/119-rocno-izdelana-porocna-prstana/,https://www.zlatarna-breznik.si/119-rocno-izdelana-porocna-prstana/,200,KEEP,LOW,Izdelek: 119 – Ročno izdelana poročna prstana
https://www.zlatarna-breznik.si/121-porocna-prstana-z-vijugastimi-utori/,https://www.zlatarna-breznik.si/121-porocna-prstana-z-vijugastimi-utori/,200,KEEP,LOW,Izdelek: 121- Poročna prstana z vijugastimi utori
https://www.zlatarna-breznik.si/122-porocni-prstani/,https://www.zlatarna-breznik.si/122-porocni-prstani/,200,KEEP,LOW,Izdelek: 122- Poročni prstani
https://www.zlatarna-breznik.si/123-porocna-prstana/,https://www.zlatarna-breznik.si/123-porocna-prstana/,200,KEEP,LOW,Izdelek: 123 – Poročna prstana
https://www.zlatarna-breznik.si/124-unikatna-porocna-prstana/,https://www.zlatarna-breznik.si/124-unikatna-porocna-prstana/,200,KEEP,LOW,Izdelek: 124 – Unikatna poročna prstana
https://www.zlatarna-breznik.si/125-unikatna-rocno-narejena-porocna-prstana/,https://www.zlatarna-breznik.si/125-unikatna-rocno-narejena-porocna-prstana/,200,KEEP,LOW,Izdelek: 125-unikatna rocno narejena porocna prstana
https://www.zlatarna-breznik.si/126-unikatna-rocno-izdelana-in-topljena-porocna-prstana/,https://www.zlatarna-breznik.si/126-unikatna-rocno-izdelana-in-topljena-porocna-prstana/,200,KEEP,LOW,Izdelek: 126 – Unikatna ročno izdelana in topljena poročna prstana
https://www.zlatarna-breznik.si/127-unikatna-porocna-prstana/,https://www.zlatarna-breznik.si/127-unikatna-porocna-prstana/,200,KEEP,LOW,Izdelek: 127 – Unikatna poročna prstana
https://www.zlatarna-breznik.si/128-unikatna-porocna-prstana-z-rubinom-smaragdom-in-safirjem/,https://www.zlatarna-breznik.si/128-unikatna-porocna-prstana-z-rubinom-smaragdom-in-safirjem/,200,KEEP,LOW,"Izdelek: 128 – Unikatna poročna prstana z rubinom, smaragdom in safirjem"
https://www.zlatarna-breznik.si/129-porocna-prstana-matirana-in-crta-je-gladka/,https://www.zlatarna-breznik.si/129-porocna-prstana-matirana-in-crta-je-gladka/,200,KEEP,LOW,Izdelek: 129 – Poročna prstana matirana in črta je gladka
https://www.zlatarna-breznik.si/130-porocna-prstana/,https://www.zlatarna-breznik.si/130-porocna-prstana/,200,KEEP,LOW,Izdelek: 130 – Poročna prstana
https://www.zlatarna-breznik.si/131-porocna-prstana-z-diamanti/,https://www.zlatarna-breznik.si/131-porocna-prstana-z-diamanti/,200,KEEP,LOW,Izdelek: 131 – Poročna prstana z diamanti
https://www.zlatarna-breznik.si/132-unikatna-porocna-prstana/,https://www.zlatarna-breznik.si/132-unikatna-porocna-prstana/,200,KEEP,LOW,Izdelek: 132 – Unikatna poročna prstana
https://www.zlatarna-breznik.si/134-posebna-unikatno-rocno-izdelana-porocna-prstana/,https://www.zlatarna-breznik.si/134-posebna-unikatno-rocno-izdelana-porocna-prstana/,200,KEEP,LOW,Izdelek: 134 – Posebna unikatno ročno izdelana poročna prstana
https://www.zlatarna-breznik.si/135-porocna-prstana/,https://www.zlatarna-breznik.si/135-porocna-prstana/,200,KEEP,LOW,Izdelek: 135 – Poročna prstana
https://www.zlatarna-breznik.si/136-unikatna-siroka-rocno-izdelana-in-topljena-porocna-prstana/,https://www.zlatarna-breznik.si/136-unikatna-siroka-rocno-izdelana-in-topljena-porocna-prstana/,200,KEEP,LOW,Izdelek: 136- Unikatna široka ročno izdelana in topljena poročna prstana
https://www.zlatarna-breznik.si/137-posebni-unikatni-rocno-izdelani-porocni-prstani/,https://www.zlatarna-breznik.si/137-posebni-unikatni-rocno-izdelani-porocni-prstani/,200,KEEP,LOW,Izdelek: 137 – Posebni – unikatni ročno izdelani poročni prstani
https://www.zlatarna-breznik.si/138-unikatna-tanjsa-rocno-izdelana-in-topljena-porocna-prstana/,https://www.zlatarna-breznik.si/138-unikatna-tanjsa-rocno-izdelana-in-topljena-porocna-prstana/,200,KEEP,LOW,Izdelek: 138- Unikatna tanjša ročno izdelana in topljena poročna prstana
https://www.zlatarna-breznik.si/139-unikatna-rocno-izdelana-porocna-prstana/,https://www.zlatarna-breznik.si/139-unikatna-rocno-izdelana-porocna-prstana/,200,KEEP,LOW,Izdelek: 139 – Unikatna ročno izdelana poročna prstana
https://www.zlatarna-breznik.si/141-unikatna-rocno-izdelana-porocna-prstana/,https://www.zlatarna-breznik.si/141-unikatna-rocno-izdelana-porocna-prstana/,200,KEEP,LOW,Izdelek: 141- Unikatna ročno izdelana poročna prstana
https://www.zlatarna-breznik.si/143-rocno-izdelana-porocna-prstana/,https://www.zlatarna-breznik.si/143-rocno-izdelana-porocna-prstana/,200,KEEP,LOW,Izdelek: 143 – Ročno izdelana poročna prstana
https://www.zlatarna-breznik.si/144-porocna-prstana/,https://www.zlatarna-breznik.si/144-porocna-prstana/,200,KEEP,LOW,Izdelek: 144 – Poročna prstana
https://www.zlatarna-breznik.si/145-rocno-izdelana-porocna-prstana/,https://www.zlatarna-breznik.si/145-rocno-izdelana-porocna-prstana/,200,KEEP,LOW,Izdelek: 145 – Ročno izdelana poročna prstana
https://www.zlatarna-breznik.si/146-porocna-prstana-siroka-sedem-milimetrov/,https://www.zlatarna-breznik.si/146-porocna-prstana-siroka-sedem-milimetrov/,200,KEEP,LOW,Izdelek: 146 – Poročna prstana široka sedem milimetrov
https://www.zlatarna-breznik.si/147-porocna-prstana/,https://www.zlatarna-breznik.si/147-porocna-prstana/,200,KEEP,LOW,Izdelek: 147-porocna prstana
https://www.zlatarna-breznik.si/148-porocna-prstana/,https://www.zlatarna-breznik.si/148-porocna-prstana/,200,KEEP,LOW,Izdelek: 148 – Poročna prstana
https://www.zlatarna-breznik.si/149-porocna-prstana-gladek-ali-matiran/,https://www.zlatarna-breznik.si/149-porocna-prstana-gladek-ali-matiran/,200,KEEP,LOW,Izdelek: 149 – Poročna prstana gladek ali matiran
https://www.zlatarna-breznik.si/150-porocna-prstana-moski-prstan-je-brez-kamnov/,https://www.zlatarna-breznik.si/150-porocna-prstana-moski-prstan-je-brez-kamnov/,200,KEEP,LOW,Izdelek: 150 – Poročna prstana | Moški prstan je brez kamnov
https://www.zlatarna-breznik.si/151-porocna-prstana-iz-belega-in-rdecega-zlata/,https://www.zlatarna-breznik.si/151-porocna-prstana-iz-belega-in-rdecega-zlata/,200,KEEP,LOW,Izdelek: 151 – Poročna prstana
https://www.zlatarna-breznik.si/153-porocna-prstana/,https://www.zlatarna-breznik.si/153-porocna-prstana/,200,KEEP,LOW,Izdelek: 153 – Poročna prstana
https://www.zlatarna-breznik.si/154-rocno-izdelana-porocna-prstana/,https://www.zlatarna-breznik.si/154-rocno-izdelana-porocna-prstana/,200,KEEP,LOW,Izdelek: 154 – Ročno izdelana poročna prstana
https://www.zlatarna-breznik.si/155-rocno-izdelani-porocni-prstani/,https://www.zlatarna-breznik.si/155-rocno-izdelani-porocni-prstani/,200,KEEP,LOW,Izdelek: 155 – Ročno izdelani poročni prstani
https://www.zlatarna-breznik.si/156-rocno-izdelani-porocni-prstani/,https://www.zlatarna-breznik.si/156-rocno-izdelani-porocni-prstani/,200,KEEP,LOW,Izdelek: 156 – Ročno izdelani poročni prstani
https://www.zlatarna-breznik.si/157-porocna-prstana/,https://www.zlatarna-breznik.si/157-porocna-prstana/,200,KEEP,LOW,Izdelek: 157 – Poročna prstana
https://www.zlatarna-breznik.si/158-rocno-izdelana-porocna-prstana/,https://www.zlatarna-breznik.si/158-rocno-izdelana-porocna-prstana/,200,KEEP,LOW,Izdelek: 158 – Ročno izdelana poročna prstana.
https://www.zlatarna-breznik.si/159-rocno-izdelana-porocna-prstana/,https://www.zlatarna-breznik.si/159-rocno-izdelana-porocna-prstana/,200,KEEP,LOW,Izdelek: 159 – Ročno izdelana poročna prstana
https://www.zlatarna-breznik.si/160-unikatni-porocni-prstani/,https://www.zlatarna-breznik.si/160-unikatni-porocni-prstani/,200,KEEP,LOW,Izdelek: 160 – Unikatni poročni prstani
https://www.zlatarna-breznik.si/161-unikatna-porocna-prstana/,https://www.zlatarna-breznik.si/161-unikatna-porocna-prstana/,200,KEEP,LOW,Izdelek: 161- Unikatna poročna prstana
https://www.zlatarna-breznik.si/162-porocna-prstana/,https://www.zlatarna-breznik.si/162-porocna-prstana/,200,KEEP,LOW,Izdelek: 162 – Poročna prstana
https://www.zlatarna-breznik.si/163-unikatna-rocno-izdelana-in-kovana-porocna-prstana/,https://www.zlatarna-breznik.si/163-unikatna-rocno-izdelana-in-kovana-porocna-prstana/,200,KEEP,LOW,Izdelek: 163 – Unikatna ročno izdelana in kovana poročna prstana
https://www.zlatarna-breznik.si/164-unikatna-porocna-prstana/,https://www.zlatarna-breznik.si/164-unikatna-porocna-prstana/,200,KEEP,LOW,Izdelek: 164 – Unikatna poročna prstana
https://www.zlatarna-breznik.si/165-unikatna-rocno-izdelana-in-kovana-porocna-prstana/,https://www.zlatarna-breznik.si/165-unikatna-rocno-izdelana-in-kovana-porocna-prstana/,200,KEEP,LOW,Izdelek: 165 – Unikatna ročno izdelana in kovana poročna prstana
https://www.zlatarna-breznik.si/166-unikatna-porocna-prstana/,https://www.zlatarna-breznik.si/166-unikatna-porocna-prstana/,200,KEEP,LOW,Izdelek: 166- Unikatna poročna prstana
https://www.zlatarna-breznik.si/167-porocna-prstana-iz-rdecega-in-belega-zlata/,https://www.zlatarna-breznik.si/167-porocna-prstana-iz-rdecega-in-belega-zlata/,200,KEEP,LOW,Izdelek: 267 – Poročna prstana iz rdečega in belega zlata
https://www.zlatarna-breznik.si/167-porocna-prstana/,https://www.zlatarna-breznik.si/167-porocna-prstana/,200,KEEP,LOW,Izdelek: 167 – Poročna prstana
https://www.zlatarna-breznik.si/168-porocna-prstana/,https://www.zlatarna-breznik.si/168-porocna-prstana/,200,KEEP,LOW,Izdelek: 168-Poročna prstana
https://www.zlatarna-breznik.si/169-porocna-prstana-z-diamanti/,https://www.zlatarna-breznik.si/169-porocna-prstana-z-diamanti/,200,KEEP,LOW,Izdelek: 169 – Poročna prstana z diamanti
https://www.zlatarna-breznik.si/170-porocna-prstana/,https://www.zlatarna-breznik.si/170-porocna-prstana/,200,KEEP,LOW,Izdelek: 170 – Poročna prstana
https://www.zlatarna-breznik.si/171-porocna-prstana/,https://www.zlatarna-breznik.si/171-porocna-prstana/,200,KEEP,LOW,Izdelek: 171 – Poročna prstana
https://www.zlatarna-breznik.si/172-porocna-prstana/,https://www.zlatarna-breznik.si/172-porocna-prstana/,200,KEEP,LOW,Izdelek: 172 – Poročna prstana
https://www.zlatarna-breznik.si/173-unikatna-porocna-prstana/,https://www.zlatarna-breznik.si/173-unikatna-porocna-prstana/,200,KEEP,LOW,Izdelek: 173 – Unikatna poročna prstana
https://www.zlatarna-breznik.si/174-unikatna-porocna-prstana/,https://www.zlatarna-breznik.si/174-unikatna-porocna-prstana/,200,KEEP,LOW,Izdelek: 174 – Unikatna poročna prstana
https://www.zlatarna-breznik.si/175-unikatni-zarocni-prstan/,https://www.zlatarna-breznik.si/175-unikatni-zarocni-prstan/,200,KEEP,LOW,Izdelek: 175 – Unikatni zaročni prstan
https://www.zlatarna-breznik.si/176-zenski-prstan/,https://www.zlatarna-breznik.si/176-zenski-prstan/,200,KEEP,LOW,Izdelek: 176 – Ženski prstan
https://www.zlatarna-breznik.si/177-unikatni-zarocni-prstan/,https://www.zlatarna-breznik.si/177-unikatni-zarocni-prstan/,200,KEEP,LOW,Izdelek: 177 – Unikatni zaročni prstan
https://www.zlatarna-breznik.si/178-zenski-prstani/,https://www.zlatarna-breznik.si/178-zenski-prstani/,200,KEEP,LOW,Izdelek: 178 – Ženski prstani
https://www.zlatarna-breznik.si/179-unikatni-prstan-iz-zlata-in-srebra/,https://www.zlatarna-breznik.si/179-unikatni-prstan-iz-zlata-in-srebra/,200,KEEP,LOW,Izdelek: 179 – Unikatni prstan iz zlata in srebra
https://www.zlatarna-breznik.si/180-unikatni-prstan-iz-zlata-in-srebra/,https://www.zlatarna-breznik.si/180-unikatni-prstan-iz-zlata-in-srebra/,200,KEEP,LOW,Izdelek: 180 – Unikatni prstan iz zlata in srebra
https://www.zlatarna-breznik.si/181-unikatni-prstan-iz-zlata-in-srebra/,https://www.zlatarna-breznik.si/181-unikatni-prstan-iz-zlata-in-srebra/,200,KEEP,LOW,Izdelek: 181 – Unikatni prstan iz zlata in srebra
https://www.zlatarna-breznik.si/182-zenski-prstan/,https://www.zlatarna-breznik.si/182-zenski-prstan/,200,KEEP,LOW,Izdelek: 182 – Ženski prstan
https://www.zlatarna-breznik.si/183-zenski-prstan/,https://www.zlatarna-breznik.si/183-zenski-prstan/,200,KEEP,LOW,Izdelek: 183 – Ženski prstan
https://www.zlatarna-breznik.si/184-zarocni-prstan/,https://www.zlatarna-breznik.si/184-zarocni-prstan/,200,KEEP,LOW,Izdelek: 184 – Zaročni prstan
https://www.zlatarna-breznik.si/185-zenski-prstan/,https://www.zlatarna-breznik.si/185-zenski-prstan/,200,KEEP,LOW,Izdelek: 185 – Ženski prstan
https://www.zlatarna-breznik.si/186-zenski-prstan/,https://www.zlatarna-breznik.si/186-zenski-prstan/,200,KEEP,LOW,Izdelek: 186 – Ženski prstan
https://www.zlatarna-breznik.si/187-zenski-prstan/,https://www.zlatarna-breznik.si/187-zenski-prstan/,200,KEEP,LOW,Izdelek: 187 – Ženski prstan
https://www.zlatarna-breznik.si/188-zenski-prstan/,https://www.zlatarna-breznik.si/188-zenski-prstan/,200,KEEP,LOW,Izdelek: 188 – Ženski prstan
https://www.zlatarna-breznik.si/189-zarocni-prstan/,https://www.zlatarna-breznik.si/189-zarocni-prstan/,200,KEEP,LOW,Izdelek: 189 – Zaročni prstan
https://www.zlatarna-breznik.si/190-zarocni-prstan/,https://www.zlatarna-breznik.si/190-zarocni-prstan/,200,KEEP,LOW,Izdelek: 190 – Zaročni prstan
https://www.zlatarna-breznik.si/191-zarocni-prstan/,https://www.zlatarna-breznik.si/191-zarocni-prstan/,200,KEEP,LOW,Izdelek: 191 – Zaročni prstan
https://www.zlatarna-breznik.si/192-zenski-prstan/,https://www.zlatarna-breznik.si/192-zenski-prstan/,200,KEEP,LOW,Izdelek: 192 – Ženski prstan
https://www.zlatarna-breznik.si/193-unikatni-zarocni-prstan/,https://www.zlatarna-breznik.si/193-unikatni-zarocni-prstan/,200,KEEP,LOW,Izdelek: 193 – Unikatni zaročni prstan
https://www.zlatarna-breznik.si/194-unikatna-porocna-prstana/,https://www.zlatarna-breznik.si/194-unikatna-porocna-prstana/,200,KEEP,LOW,Izdelek: 194 – Unikatna porocna prstana
https://www.zlatarna-breznik.si/195-unikatni-prstan-iz-zlata-in-srebra/,https://www.zlatarna-breznik.si/195-unikatni-prstan-iz-zlata-in-srebra/,200,KEEP,LOW,Izdelek: 195 – Unikatni prstan iz zlata in srebra
https://www.zlatarna-breznik.si/207-rocno-izdelana-porocna-prstana-iz-rdecega-in-belega-zlata/,https://www.zlatarna-breznik.si/207-rocno-izdelana-porocna-prstana-iz-rdecega-in-belega-zlata/,200,KEEP,LOW,Izdelek: 207 – Ročno izdelana poročna prstana iz rdečega in belega zlata
https://www.zlatarna-breznik.si/208-porocna-prstana-iz-rdecega-in-belega-zlata/,https://www.zlatarna-breznik.si/208-porocna-prstana-iz-rdecega-in-belega-zlata/,200,KEEP,LOW,Izdelek: 208 – Poročna prstana iz rdečega in belega zlata
https://www.zlatarna-breznik.si/209-porocna-prstana-iz-belega-in-rdecega-zlata/,https://www.zlatarna-breznik.si/209-porocna-prstana-iz-belega-in-rdecega-zlata/,200,KEEP,LOW,Izdelek: 209 – Poročna prstana iz belega in rdečega zlata
https://www.zlatarna-breznik.si/210-rocno-izdelana-porocna-prstana-z-diamanti-iz-rdecega-in-belega-zlata/,https://www.zlatarna-breznik.si/210-rocno-izdelana-porocna-prstana-z-diamanti-iz-rdecega-in-belega-zlata/,200,KEEP,LOW,Izdelek: 210 – Ročno izdelana poročna prstana z diamanti iz rdečega in belega zlata
https://www.zlatarna-breznik.si/211-porocna-prstana-z-diamanti-iz-rdecega-in-belega-zlata/,https://www.zlatarna-breznik.si/211-porocna-prstana-z-diamanti-iz-rdecega-in-belega-zlata/,200,KEEP,LOW,Izdelek: 211 – Poročna prstana z diamanti iz rdečega in belega zlata
https://www.zlatarna-breznik.si/319-rocno-izdelana-porocna-prstana-iz-rumenega-zlata/,https://www.zlatarna-breznik.si/319-rocno-izdelana-porocna-prstana-iz-rumenega-zlata/,200,KEEP,LOW,Izdelek: 319 – Ročno izdelana poročna prstana iz rumenega zlata
https://www.zlatarna-breznik.si/321-unikatna-rocno-izdelana-prstana-iz-zlata/,https://www.zlatarna-breznik.si/321-unikatna-rocno-izdelana-prstana-iz-zlata/,200,KEEP,LOW,Izdelek: 321 – Unikatna ročno izdelana prstana iz zlata
https://www.zlatarna-breznik.si/322-unikatna-rocno-izdelana-prstana-iz-zlata/,https://www.zlatarna-breznik.si/322-unikatna-rocno-izdelana-prstana-iz-zlata/,200,KEEP,LOW,Izdelek: 322 – Unikatna ročno izdelana prstana iz zlata
https://www.zlatarna-breznik.si/324-rocno-izdelana-porocna-prstana/,https://www.zlatarna-breznik.si/324-rocno-izdelana-porocna-prstana/,200,KEEP,LOW,Izdelek: 324 – ROČNO IZDELANA POROČNA PRSTANA
https://www.zlatarna-breznik.si/325-unikatna-porocna-prstana-iz-belega-zlata/,https://www.zlatarna-breznik.si/325-unikatna-porocna-prstana-iz-belega-zlata/,200,KEEP,LOW,Izdelek: 325 – Unikatna poročna prstana iz belega zlata
https://www.zlatarna-breznik.si/326-unikatna-porocna-prstana-iz-rumenega-zlata/,https://www.zlatarna-breznik.si/326-unikatna-porocna-prstana-iz-rumenega-zlata/,200,KEEP,LOW,Izdelek: 326 – Unikatna poročna prstana iz rumenega zlata
https://www.zlatarna-breznik.si/327-unikatna-rocno-izdelana-prstana-iz-zlata/,https://www.zlatarna-breznik.si/327-unikatna-rocno-izdelana-prstana-iz-zlata/,200,KEEP,LOW,Izdelek: 327 – Unikatna ročno izdelana prstana iz zlata
https://www.zlatarna-breznik.si/328-unikatna-porocna-prstana-iz-belega-zlata/,https://www.zlatarna-breznik.si/328-unikatna-porocna-prstana-iz-belega-zlata/,200,KEEP,LOW,Izdelek: 328 – Unikatna poročna prstana iz belega zlata
https://www.zlatarna-breznik.si/329-porocna-prstana-izdelana-iz-rdecega-in-belega-zlata/,https://www.zlatarna-breznik.si/329-porocna-prstana-izdelana-iz-rdecega-in-belega-zlata/,200,KEEP,LOW,Izdelek: 329 – Poročna prstana izdelana iz rdečega in belega zlata
https://www.zlatarna-breznik.si/330-unikatno-rocno-izdelana-porocna-prstana-z-diamantom-iz-belega-zlata/,https://www.zlatarna-breznik.si/330-unikatno-rocno-izdelana-porocna-prstana-z-diamantom-iz-belega-zlata/,200,KEEP,LOW,Izdelek: 330 – Unikatno ročno izdelana poročna prstana z diamantom iz belega zlata
https://www.zlatarna-breznik.si/331-unikatno-rocno-izdelana-porocna-prstana-iz-rdecega-in-belega-zlata/,https://www.zlatarna-breznik.si/331-unikatno-rocno-izdelana-porocna-prstana-iz-rdecega-in-belega-zlata/,200,KEEP,LOW,Izdelek: 331 – Unikatno ročno izdelana poročna prstana iz rdečega in belega zlata
https://www.zlatarna-breznik.si/332-porocna-prstana-iz-rdecega-in-belega-zlata/,https://www.zlatarna-breznik.si/332-porocna-prstana-iz-rdecega-in-belega-zlata/,200,KEEP,LOW,Izdelek: 332 – Poročna prstana iz rdečega in belega zlata
https://www.zlatarna-breznik.si/333-unikatna-rocno-izdelana-porocna-prstana-iz-belega-in-rdecega-zlata/,https://www.zlatarna-breznik.si/333-unikatna-rocno-izdelana-porocna-prstana-iz-belega-in-rdecega-zlata/,200,KEEP,LOW,Izdelek: 333 – Unikatna ročno izdelana poročna prstana iz belega in rdečega zlata
https://www.zlatarna-breznik.si/335-unikatna-porocna-prstana-iz-belega-zlata-in-z-diamanti/,https://www.zlatarna-breznik.si/335-unikatna-porocna-prstana-iz-belega-zlata-in-z-diamanti/,200,KEEP,LOW,Izdelek: 335 – Unikatna poročna prstana iz belega zlata in z diamanti
https://www.zlatarna-breznik.si/336-rocno-izdelana-porocna-prstana-iz-rdecega-in-belega-zlata/,https://www.zlatarna-breznik.si/336-rocno-izdelana-porocna-prstana-iz-rdecega-in-belega-zlata/,200,KEEP,LOW,Izdelek: 336 – Ročno izdelana poročna prstana iz rdečega in belega zlata
https://www.zlatarna-breznik.si/337-unikatna-porocna-prstana-iz-belega-zlata/,https://www.zlatarna-breznik.si/337-unikatna-porocna-prstana-iz-belega-zlata/,200,KEEP,LOW,Izdelek: 337 – Unikatna poročna prstana iz belega zlata
https://www.zlatarna-breznik.si/338-rocno-izdelana-porocna-prstana-z-diamantom-iz-rdecega-in-belega-zlata/,https://www.zlatarna-breznik.si/338-rocno-izdelana-porocna-prstana-z-diamantom-iz-rdecega-in-belega-zlata/,200,KEEP,LOW,Izdelek: 338 – Ročno izdelana poročna prstana z diamantom iz rdečega in belega zlata
https://www.zlatarna-breznik.si/339-rocno-izdelana-porocna-prstana-z-diamanti-iz-belega-zlata/,https://www.zlatarna-breznik.si/339-rocno-izdelana-porocna-prstana-z-diamanti-iz-belega-zlata/,200,KEEP,LOW,Izdelek: 339 – Ročno izdelana poročna prstana z diamanti iz belega zlata
https://www.zlatarna-breznik.si/340-porocna-prstana-z-diamanti-iz-belega-zlata/,https://www.zlatarna-breznik.si/340-porocna-prstana-z-diamanti-iz-belega-zlata/,200,KEEP,LOW,Izdelek: 340 – Poročna prstana z diamanti iz belega zlata
https://www.zlatarna-breznik.si/341-rocni-izdelani-porocni-prstani-iz-rdecega-in-belega-zlata/,https://www.zlatarna-breznik.si/341-rocni-izdelani-porocni-prstani-iz-rdecega-in-belega-zlata/,200,KEEP,LOW,Izdelek: 341 – Ročni izdelani poročni prstani iz rdečega in belega zlata
https://www.zlatarna-breznik.si/342-unikatno-rocno-izdelana-porocna-prstana-iz-rumenega-in-belega-zlata/,https://www.zlatarna-breznik.si/342-unikatno-rocno-izdelana-porocna-prstana-iz-rumenega-in-belega-zlata/,200,KEEP,LOW,Izdelek: 342 – Unikatno ročno izdelana poročna prstana iz rumenega in belega zlata
https://www.zlatarna-breznik.si/343-rocno-izdelana-porocna-prstana-iz-rdecega-in-belega-zlata/,https://www.zlatarna-breznik.si/343-rocno-izdelana-porocna-prstana-iz-rdecega-in-belega-zlata/,200,KEEP,LOW,Izdelek: 343 – Ročno izdelana poročna prstana iz rdečega in belega zlata
https://www.zlatarna-breznik.si/344-rocno-izdelana-porocna-prstana-iz-belega-zlata/,https://www.zlatarna-breznik.si/344-rocno-izdelana-porocna-prstana-iz-belega-zlata/,200,KEEP,LOW,Izdelek: 344 – Ročno izdelana poročna prstana iz belega zlata
https://www.zlatarna-breznik.si/345-unikatna-rocno-izdelana-porocna-prstana-iz-rumenega-in-belega-zlata/,https://www.zlatarna-breznik.si/345-unikatna-rocno-izdelana-porocna-prstana-iz-rumenega-in-belega-zlata/,200,KEEP,LOW,Izdelek: 345 – Unikatna ročno izdelana poročna prstana iz rumenega in belega zlata
https://www.zlatarna-breznik.si/347-rocno-izdelana-porocna-prstana/,https://www.zlatarna-breznik.si/347-rocno-izdelana-porocna-prstana/,200,KEEP,LOW,Izdelek: 347 – Ročno izdelana poročna prstana.
https://www.zlatarna-breznik.si/353-rocno-izdelana-porocna-prstana/,https://www.zlatarna-breznik.si/353-rocno-izdelana-porocna-prstana/,200,KEEP,LOW,Izdelek: 353 – ROČNO IZDELANA POROČNA PRSTANA
https://www.zlatarna-breznik.si/354-rocno-izdelana-porocna-prstana/,https://www.zlatarna-breznik.si/354-rocno-izdelana-porocna-prstana/,200,KEEP,LOW,Izdelek: 354 – Ročno izdelana poročna prstana.
https://www.zlatarna-breznik.si/367-rocno-izdelana-prstana-iz-rumenega-zlata/,https://www.zlatarna-breznik.si/367-rocno-izdelana-prstana-iz-rumenega-zlata/,200,KEEP,LOW,Izdelek: 367 Ročno izdelana prstana iz rumenega zlata
https://www.zlatarna-breznik.si/369-rocno-izdelana-prstana-iz-rumenega-in-belega-zlata/,https://www.zlatarna-breznik.si/369-rocno-izdelana-prstana-iz-rumenega-in-belega-zlata/,200,KEEP,LOW,Izdelek: 369 Ročno izdelana prstana iz rumenega in belega zlata
https://www.zlatarna-breznik.si/370-rocno-izdelana-prstana-iz-rumenega-in-belega-zlata-z-diamanti/,https://www.zlatarna-breznik.si/370-rocno-izdelana-prstana-iz-rumenega-in-belega-zlata-z-diamanti/,200,KEEP,LOW,Izdelek: 370 Ročno izdelana prstana iz rumenega in belega zlata z diamanti
https://www.zlatarna-breznik.si/377-rocno-izdelana-prstana-iz-rumenega-in-belega-zlata-z-diamanti/,https://www.zlatarna-breznik.si/377-rocno-izdelana-prstana-iz-rumenega-in-belega-zlata-z-diamanti/,200,KEEP,LOW,Izdelek: 377 Ročno izdelana prstana iz rumenega in belega zlata z diamanti
https://www.zlatarna-breznik.si/381-porocna-prstana-iz-rumenega-zlata/,https://www.zlatarna-breznik.si/381-porocna-prstana-iz-rumenega-zlata/,200,KEEP,LOW,Izdelek: 381 Poročna prstana iz rumenega zlata
https://www.zlatarna-breznik.si/382-rocno-izdelana-prstana-iz-rumenega-zlata/,https://www.zlatarna-breznik.si/382-rocno-izdelana-prstana-iz-rumenega-zlata/,200,KEEP,LOW,Izdelek: 382 Ročno izdelana prstana iz rumenega zlata
https://www.zlatarna-breznik.si/383-porocna-prstana-iz-rumenega-zlata-in-z-diamanti/,https://www.zlatarna-breznik.si/383-porocna-prstana-iz-rumenega-zlata-in-z-diamanti/,200,KEEP,LOW,Izdelek: 383 Poročna prstana iz rumenega zlata in z diamanti
https://www.zlatarna-breznik.si/384-rocno-izdelana-porocna-prstana-iz-rdecega-in-belega-zlata-z-diamanti/,https://www.zlatarna-breznik.si/384-rocno-izdelana-porocna-prstana-iz-rdecega-in-belega-zlata-z-diamanti/,200,KEEP,LOW,Izdelek: 384 Ročno izdelana poročna prstana iz rdečega in belega zlata z diamanti
https://www.zlatarna-breznik.si/385-porocna-prstana-iz-rdecega-in-belega-zlata-z-diamanti/,https://www.zlatarna-breznik.si/385-porocna-prstana-iz-rdecega-in-belega-zlata-z-diamanti/,200,KEEP,LOW,Izdelek: 385 Poročna prstana iz rdečega in belega zlata z diamanti
https://www.zlatarna-breznik.si/386-rocno-izdelana-prstana-iz-rdecega-in-belega-zlata-in-z-diamanti-2/,https://www.zlatarna-breznik.si/386-rocno-izdelana-prstana-iz-rdecega-in-belega-zlata-in-z-diamanti-2/,200,KEEP,LOW,Izdelek: 393 Poročna prstana iz rdečega zlata in z diamanti.
https://www.zlatarna-breznik.si/386-rocno-izdelana-prstana-iz-rdecega-in-belega-zlata-in-z-diamanti/,https://www.zlatarna-breznik.si/386-rocno-izdelana-prstana-iz-rdecega-in-belega-zlata-in-z-diamanti/,200,KEEP,LOW,Izdelek: 386 Ročno izdelana prstana iz rdečega in belega zlata in z diamanti
https://www.zlatarna-breznik.si/388-porocna-prstana-iz-rdecega-zlata/,https://www.zlatarna-breznik.si/388-porocna-prstana-iz-rdecega-zlata/,200,KEEP,LOW,Izdelek: 388 Poročna prstana iz rdečega zlata
https://www.zlatarna-breznik.si/389-unikatna-rocno-izdelana-prstana-iz-rumenega-zlata-z-diamanti/,https://www.zlatarna-breznik.si/389-unikatna-rocno-izdelana-prstana-iz-rumenega-zlata-z-diamanti/,200,KEEP,LOW,Izdelek: 389 Unikatna ročno izdelana prstana iz rumenega zlata z diamanti
https://www.zlatarna-breznik.si/390-porocna-prstana-iz-rdecega-zlata-in-z-diamanti/,https://www.zlatarna-breznik.si/390-porocna-prstana-iz-rdecega-zlata-in-z-diamanti/,200,KEEP,LOW,Izdelek: 390 Poročna prstana iz rdečega zlata in z diamanti
https://www.zlatarna-breznik.si/391-rocno-izdelana-porocna-prstana-iz-belega-zlata/,https://www.zlatarna-breznik.si/391-rocno-izdelana-porocna-prstana-iz-belega-zlata/,200,KEEP,LOW,Izdelek: 391  Ročno izdelana poročna prstana iz belega zlata
https://www.zlatarna-breznik.si/394-rocno-izdelana-porocna-prstana-iz-rdecega-zlata/,https://www.zlatarna-breznik.si/394-rocno-izdelana-porocna-prstana-iz-rdecega-zlata/,200,KEEP,LOW,Izdelek: 394 Ročno izdelana poročna prstana iz rdečega zlata
https://www.zlatarna-breznik.si/395-rocno-izdelana-prstana-iz-rdecega-in-belega-zlata/,https://www.zlatarna-breznik.si/395-rocno-izdelana-prstana-iz-rdecega-in-belega-zlata/,200,KEEP,LOW,Izdelek: 395-Ročno izdelana prstana iz rdečega in belega zlata
https://www.zlatarna-breznik.si/396-unikatna-prstana-iz-rdecega-zlata/,https://www.zlatarna-breznik.si/396-unikatna-prstana-iz-rdecega-zlata/,200,KEEP,LOW,Izdelek: 396-Unikatna prstana iz rdečega zlata
https://www.zlatarna-breznik.si/397-rocno-izdelana-porocna-prstana-iz-belega-zlata/,https://www.zlatarna-breznik.si/397-rocno-izdelana-porocna-prstana-iz-belega-zlata/,200,KEEP,LOW,Izdelek: 397 Ročno izdelana poročna prstana iz belega zlata
https://www.zlatarna-breznik.si/398-porocna-prstana-iz-rumenega-zlata/,https://www.zlatarna-breznik.si/398-porocna-prstana-iz-rumenega-zlata/,200,KEEP,LOW,Izdelek: 398 Poročna prstana iz rumenega zlata
https://www.zlatarna-breznik.si/400-rocno-izdelana-prstana-iz-rumenega-in-belega-zlata-z-diamantom/,https://www.zlatarna-breznik.si/400-rocno-izdelana-prstana-iz-rumenega-in-belega-zlata-z-diamantom/,200,KEEP,LOW,Izdelek: 400 Ročno izdelana prstana iz rumenega in belega zlata z diamantom
https://www.zlatarna-breznik.si/401-rocno-izdelana-prstana-iz-rumenega-zlata/,https://www.zlatarna-breznik.si/401-rocno-izdelana-prstana-iz-rumenega-zlata/,200,KEEP,LOW,Izdelek: 401 Ročno izdelana prstana iz rumenega zlata
https://www.zlatarna-breznik.si/403-porocna-prstana/,https://www.zlatarna-breznik.si/403-porocna-prstana/,200,KEEP,LOW,Izdelek: 403 – Poročna prstana
https://www.zlatarna-breznik.si/404-porocna-prstana/,https://www.zlatarna-breznik.si/404-porocna-prstana/,200,KEEP,LOW,Izdelek: 404 – Poročna prstana
https://www.zlatarna-breznik.si/414-unikatna-porocna-prstana-iz-rumenega-zlata-in-briljanti/,https://www.zlatarna-breznik.si/414-unikatna-porocna-prstana-iz-rumenega-zlata-in-briljanti/,200,KEEP,LOW,Izdelek: 414 – Unikatna poročna prstana iz rumenega zlata in briljanti
https://www.zlatarna-breznik.si/415-unikatna-porocna-prstana-iz-rumenega-zlata-in-briljanti/,https://www.zlatarna-breznik.si/415-unikatna-porocna-prstana-iz-rumenega-zlata-in-briljanti/,200,KEEP,LOW,Izdelek: 415 – Unikatna poročna prstana iz rumenega zlata in briljanti
https://www.zlatarna-breznik.si/418-zlata-porocna-prstana-iz-rumenega-zlata-in-briljanti/,https://www.zlatarna-breznik.si/418-zlata-porocna-prstana-iz-rumenega-zlata-in-briljanti/,200,KEEP,LOW,Izdelek: 418 – Zlata poročna prstana iz rumenega zlata in briljanti
https://www.zlatarna-breznik.si/419-porocna-prstana-iz-rumenega-zlata-z-vgraviranim-prstnim-vtisom/,https://www.zlatarna-breznik.si/419-porocna-prstana-iz-rumenega-zlata-z-vgraviranim-prstnim-vtisom/,200,KEEP,LOW,Izdelek: 419 – Poročna prstana iz rumenega zlata z vgraviranim prstnim vtisom
https://www.zlatarna-breznik.si/421-porocna-prstana-iz-rumenega-zlata-in-briljanti/,https://www.zlatarna-breznik.si/421-porocna-prstana-iz-rumenega-zlata-in-briljanti/,200,KEEP,LOW,Izdelek: 421 – Poročna prstana iz rumenega zlata in briljanti
https://www.zlatarna-breznik.si/422-porocna-prstana-iz-rumenega-zlata-in-briljanti/,https://www.zlatarna-breznik.si/422-porocna-prstana-iz-rumenega-zlata-in-briljanti/,200,KEEP,LOW,Izdelek: 422 – Poročna prstana iz rumenega zlata in briljanti
https://www.zlatarna-breznik.si/423-zlata-porocna-prstana-iz-rumenega-zlata-in-enim-briljantom/,https://www.zlatarna-breznik.si/423-zlata-porocna-prstana-iz-rumenega-zlata-in-enim-briljantom/,200,KEEP,LOW,Izdelek: 423 – Zlata poročna prstana iz rumenega zlata in enim briljantom
https://www.zlatarna-breznik.si/424-unikatna-in-gravirana-porocna-prstana-iz-rumenega-zlata/,https://www.zlatarna-breznik.si/424-unikatna-in-gravirana-porocna-prstana-iz-rumenega-zlata/,200,KEEP,LOW,Izdelek: 424 – Unikatna in gravirana poročna prstana iz rumenega zlata
https://www.zlatarna-breznik.si/425-porocna-prstana-iz-rumenega-zlata-brilantom/,https://www.zlatarna-breznik.si/425-porocna-prstana-iz-rumenega-zlata-brilantom/,200,KEEP,LOW,Izdelek: 425 – Poročna prstana iz rumenega zlata brilantom
https://www.zlatarna-breznik.si/427-unikatna-porocna-prstana-iz-rumenega-zlata-in-brilanti/,https://www.zlatarna-breznik.si/427-unikatna-porocna-prstana-iz-rumenega-zlata-in-brilanti/,200,KEEP,LOW,Izdelek: 427 – Unikatna poročna prstana iz rumenega zlata in brilijanti
https://www.zlatarna-breznik.si/429-porocna-prstana-iz-rumenega-zlata-in-briljantom/,https://www.zlatarna-breznik.si/429-porocna-prstana-iz-rumenega-zlata-in-briljantom/,200,KEEP,LOW,Izdelek: 429 – Poročna prstana iz rumenega zlata in briljantom
https://www.zlatarna-breznik.si/431-unikatna-porocna-prstana-iz-rumenega-zlata-in-briljanti/,https://www.zlatarna-breznik.si/431-unikatna-porocna-prstana-iz-rumenega-zlata-in-briljanti/,200,KEEP,LOW,Izdelek: 431 – Unikatna poročna prstana iz rumenega zlata in briljanti
https://www.zlatarna-breznik.si/author/multimedija/,https://www.zlatarna-breznik.si/predstavitev-podjetja/,200,MANUAL REVIEW,LOW,"Arhiv avtorja »Milan« (izvajalec, ne zlatar). Predlog: v Yoastu izklopi arhive avtorjev ali 301 na /predstavitev-podjetja/."
https://www.zlatarna-breznik.si/category/ostalo/,https://www.zlatarna-breznik.si/category/ostalo/,200,MANUAL REVIEW,LOW,"Kategorija bloga. Predlog: KEEP z noindex,follow ali 301 na /blog/."
https://www.zlatarna-breznik.si/category/prstani/,https://www.zlatarna-breznik.si/category/prstani/,200,MANUAL REVIEW,LOW,"Kategorija bloga. Predlog: KEEP z noindex,follow ali 301 na /blog/."
https://www.zlatarna-breznik.si/feed/,https://www.zlatarna-breznik.si/feed/,200,KEEP,LOW,
https://www.zlatarna-breznik.si/my-account/,https://www.zlatarna-breznik.si/my-account/,200,MANUAL REVIEW,LOW,WooCommerce račun v katalogu brez nakupa. Ostane noindex; po možnosti stran odstrani iz menijev in sitemapa.
https://www.zlatarna-breznik.si/oznaka-izdelka/beli-porocni-prstan/,https://www.zlatarna-breznik.si/oznaka-izdelka/beli-porocni-prstan/,200,MANUAL REVIEW,LOW,"Oznaka izdelka. Predlog: noindex,follow; materialne oznake (belo/rumeno/rdeče zlato) lahko služijo kot UX filtri."
https://www.zlatarna-breznik.si/oznaka-izdelka/belo-zlato/,https://www.zlatarna-breznik.si/oznaka-izdelka/belo-zlato/,200,MANUAL REVIEW,LOW,"Oznaka izdelka. Predlog: noindex,follow; materialne oznake (belo/rumeno/rdeče zlato) lahko služijo kot UX filtri."
https://www.zlatarna-breznik.si/oznaka-izdelka/brili/,https://www.zlatarna-breznik.si/ostali-prstani/prstani-z-briljanti/,200,MANUAL REVIEW,LOW,Dvojnik (brili/brilijanti/diamanti). Predlog: 301 na kategorijo s briljanti.
https://www.zlatarna-breznik.si/oznaka-izdelka/brilijanti/,https://www.zlatarna-breznik.si/ostali-prstani/prstani-z-briljanti/,200,MANUAL REVIEW,LOW,Dvojnik + napačno črkovanje (pravilno: briljanti). Predlog: 301 na kategorijo s briljanti.
https://www.zlatarna-breznik.si/oznaka-izdelka/diamanti/,https://www.zlatarna-breznik.si/ostali-prstani/prstani-z-briljanti/,200,MANUAL REVIEW,LOW,Predlog: 301 na kategorijo s briljanti.
https://www.zlatarna-breznik.si/oznaka-izdelka/kombinirani-porocni-prstan/,https://www.zlatarna-breznik.si/oznaka-izdelka/kombinirani-porocni-prstan/,200,MANUAL REVIEW,LOW,"Oznaka izdelka. Predlog: noindex,follow; materialne oznake (belo/rumeno/rdeče zlato) lahko služijo kot UX filtri."
https://www.zlatarna-breznik.si/oznaka-izdelka/pose/,https://www.zlatarna-breznik.si/oznaka-izdelka/posebni-prstan/,200,MANUAL REVIEW,LOW,Nedokončana oznaka (»pose«). Predlog: 301 na /oznaka-izdelka/posebni-prstan/.
https://www.zlatarna-breznik.si/oznaka-izdelka/posebni-prstan/,https://www.zlatarna-breznik.si/oznaka-izdelka/posebni-prstan/,200,MANUAL REVIEW,LOW,"Oznaka izdelka. Predlog: noindex,follow; materialne oznake (belo/rumeno/rdeče zlato) lahko služijo kot UX filtri."
https://www.zlatarna-breznik.si/oznaka-izdelka/prstan-iz-srebra-in-zlata/,https://www.zlatarna-breznik.si/oznaka-izdelka/prstan-iz-srebra-in-zlata/,200,MANUAL REVIEW,LOW,"Oznaka izdelka. Predlog: noindex,follow; materialne oznake (belo/rumeno/rdeče zlato) lahko služijo kot UX filtri."
https://www.zlatarna-breznik.si/oznaka-izdelka/prstan-z-naravnimi-kamni/,https://www.zlatarna-breznik.si/oznaka-izdelka/prstan-z-naravnimi-kamni/,200,MANUAL REVIEW,LOW,"Oznaka izdelka. Predlog: noindex,follow; materialne oznake (belo/rumeno/rdeče zlato) lahko služijo kot UX filtri."
https://www.zlatarna-breznik.si/oznaka-izdelka/rdeci-porocni-prstan/,https://www.zlatarna-breznik.si/oznaka-izdelka/rdeci-porocni-prstan/,200,MANUAL REVIEW,LOW,"Oznaka izdelka. Predlog: noindex,follow; materialne oznake (belo/rumeno/rdeče zlato) lahko služijo kot UX filtri."
https://www.zlatarna-breznik.si/oznaka-izdelka/rdeco-zlato/,https://www.zlatarna-breznik.si/oznaka-izdelka/rdeco-zlato/,200,MANUAL REVIEW,LOW,"Oznaka izdelka. Predlog: noindex,follow; materialne oznake (belo/rumeno/rdeče zlato) lahko služijo kot UX filtri."
https://www.zlatarna-breznik.si/oznaka-izdelka/redeco-zlato/,https://www.zlatarna-breznik.si/oznaka-izdelka/rdeco-zlato/,200,MANUAL REVIEW,LOW,Tipkarska napaka (»redeco«). Predlog: 301 na /oznaka-izdelka/rdeco-zlato/ in izdelke prestaviti na pravilno oznako.
https://www.zlatarna-breznik.si/oznaka-izdelka/rose-gold/,https://www.zlatarna-breznik.si/oznaka-izdelka/rdeco-zlato/,200,MANUAL REVIEW,LOW,Angleški dvojnik. Predlog: 301 na /oznaka-izdelka/rdeco-zlato/.
https://www.zlatarna-breznik.si/oznaka-izdelka/rumeni-porocni-prstan/,https://www.zlatarna-breznik.si/oznaka-izdelka/rumeni-porocni-prstan/,200,MANUAL REVIEW,LOW,"Oznaka izdelka. Predlog: noindex,follow; materialne oznake (belo/rumeno/rdeče zlato) lahko služijo kot UX filtri."
https://www.zlatarna-breznik.si/oznaka-izdelka/rumeno-zlato/,https://www.zlatarna-breznik.si/oznaka-izdelka/rumeno-zlato/,200,MANUAL REVIEW,LOW,"Oznaka izdelka. Predlog: noindex,follow; materialne oznake (belo/rumeno/rdeče zlato) lahko služijo kot UX filtri."
https://www.zlatarna-breznik.si/oznaka-izdelka/zarocni-in-porocni-prstan/,https://www.zlatarna-breznik.si/oznaka-izdelka/zarocni-in-porocni-prstan/,200,MANUAL REVIEW,LOW,"Oznaka izdelka. Predlog: noindex,follow; materialne oznake (belo/rumeno/rdeče zlato) lahko služijo kot UX filtri."
https://www.zlatarna-breznik.si/oznaka-izdelka/zarocni-prstani/,https://www.zlatarna-breznik.si/zarocni-prstani/,200,MANUAL REVIEW,LOW,Predlog: 301 na /zarocni-prstani/.
https://www.zlatarna-breznik.si/oznaka-izdelka/zenski-prstan/,https://www.zlatarna-breznik.si/ostali-prstani/zenski-prstani/,200,MANUAL REVIEW,LOW,Predlog: 301 na /ostali-prstani/zenski-prstani/.
https://www.zlatarna-breznik.si/tag/barve-diamanta/,https://www.zlatarna-breznik.si/barve-diamanta/,200,MANUAL REVIEW,LOW,Oznaka z istim imenom kot članek. Predlog: 301 na /barve-diamanta/.
https://www.zlatarna-breznik.si/tag/cena-porocnega-prstana/,https://www.zlatarna-breznik.si/cena-porocnih-prstanov/,200,MANUAL REVIEW,LOW,Predlog: 301 na /cena-porocnih-prstanov/.
https://www.zlatarna-breznik.si/tag/cena-zarocnega-prstana/,https://www.zlatarna-breznik.si/cena-zarocnih-prstanov/,200,MANUAL REVIEW,LOW,Predlog: 301 na /cena-zarocnih-prstanov/.
https://www.zlatarna-breznik.si/tag/diamantni-prstan/,https://www.zlatarna-breznik.si/ostali-prstani/prstani-z-briljanti/,200,MANUAL REVIEW,LOW,Predlog: 301 na /ostali-prstani/prstani-z-briljanti/.
https://www.zlatarna-breznik.si/tag/diamantni-prstani/,https://www.zlatarna-breznik.si/ostali-prstani/prstani-z-briljanti/,200,MANUAL REVIEW,LOW,Predlog: 301 na /ostali-prstani/prstani-z-briljanti/.
https://www.zlatarna-breznik.si/tag/graviran-porocni-prstan/,https://www.zlatarna-breznik.si/ideje-in-nasveti-za-graviranje-vasega-porocnega-prstana/,200,MANUAL REVIEW,LOW,Predlog: 301 na članek o graviranju.
https://www.zlatarna-breznik.si/tag/graviran-prstan/,https://www.zlatarna-breznik.si/ideje-in-nasveti-za-graviranje-vasega-porocnega-prstana/,200,MANUAL REVIEW,LOW,Predlog: 301 na članek o graviranju.
https://www.zlatarna-breznik.si/tag/graviranje/,https://www.zlatarna-breznik.si/ideje-in-nasveti-za-graviranje-vasega-porocnega-prstana/,200,MANUAL REVIEW,LOW,Predlog: 301 na članek o graviranju.
https://www.zlatarna-breznik.si/tag/investicija/,https://www.zlatarna-breznik.si/tag/investicija/,200,MANUAL REVIEW,LOW,"Oznaka bloga brez lastne vsebine. Predlog: noindex,follow (URL ostane) ali 301 na najbližji članek, glede na GSC."
https://www.zlatarna-breznik.si/tag/moski-porocni-prstani/,https://www.zlatarna-breznik.si/porocni-prstani/,200,MANUAL REVIEW,LOW,Predlog: 301 na /porocni-prstani/ (ali na članek o moških prstanih).
https://www.zlatarna-breznik.si/tag/moski-prstani/,https://www.zlatarna-breznik.si/tag/moski-prstani/,200,MANUAL REVIEW,LOW,"Oznaka bloga brez lastne vsebine. Predlog: noindex,follow (URL ostane) ali 301 na najbližji članek, glede na GSC."
https://www.zlatarna-breznik.si/tag/najlepsi-porocni-prstani/,https://www.zlatarna-breznik.si/3902-2/,200,MANUAL REVIEW,LOW,Predlog: 301 na članek /3902-2/ (Najlepši unikatni prstani za poroko).
https://www.zlatarna-breznik.si/tag/nalozba/,https://www.zlatarna-breznik.si/tag/nalozba/,200,MANUAL REVIEW,LOW,"Oznaka bloga brez lastne vsebine. Predlog: noindex,follow (URL ostane) ali 301 na najbližji članek, glede na GSC."
https://www.zlatarna-breznik.si/tag/platina/,https://www.zlatarna-breznik.si/tag/platina/,200,MANUAL REVIEW,LOW,"Oznaka bloga brez lastne vsebine. Predlog: noindex,follow (URL ostane) ali 301 na najbližji članek, glede na GSC."
https://www.zlatarna-breznik.si/tag/porocna-obleka/,https://www.zlatarna-breznik.si/tag/porocna-obleka/,200,MANUAL REVIEW,LOW,"Oznaka bloga brez lastne vsebine. Predlog: noindex,follow (URL ostane) ali 301 na najbližji članek, glede na GSC."
https://www.zlatarna-breznik.si/tag/porocni-diamantni-prstan/,https://www.zlatarna-breznik.si/tag/porocni-diamantni-prstan/,200,MANUAL REVIEW,LOW,"Oznaka bloga brez lastne vsebine. Predlog: noindex,follow (URL ostane) ali 301 na najbližji članek, glede na GSC."
https://www.zlatarna-breznik.si/tag/porocni-prstan/,https://www.zlatarna-breznik.si/porocni-prstani/,200,MANUAL REVIEW,LOW,Predlog: 301 na /porocni-prstani/.
https://www.zlatarna-breznik.si/tag/porocni-prstani/,https://www.zlatarna-breznik.si/porocni-prstani/,200,MANUAL REVIEW,LOW,Predlog: 301 na /porocni-prstani/.
https://www.zlatarna-breznik.si/tag/poroka/,https://www.zlatarna-breznik.si/tag/poroka/,200,MANUAL REVIEW,LOW,"Oznaka bloga brez lastne vsebine. Predlog: noindex,follow (URL ostane) ali 301 na najbližji članek, glede na GSC."
https://www.zlatarna-breznik.si/tag/prstani/,https://www.zlatarna-breznik.si/tag/prstani/,200,MANUAL REVIEW,LOW,"Oznaka bloga brez lastne vsebine. Predlog: noindex,follow (URL ostane) ali 301 na najbližji članek, glede na GSC."
https://www.zlatarna-breznik.si/tag/snubitev/,https://www.zlatarna-breznik.si/tag/snubitev/,200,MANUAL REVIEW,LOW,"Oznaka bloga brez lastne vsebine. Predlog: noindex,follow (URL ostane) ali 301 na najbližji članek, glede na GSC."
https://www.zlatarna-breznik.si/tag/srebrni-prstani/,https://www.zlatarna-breznik.si/tag/srebrni-prstani/,200,MANUAL REVIEW,LOW,"Oznaka bloga brez lastne vsebine. Predlog: noindex,follow (URL ostane) ali 301 na najbližji članek, glede na GSC."
https://www.zlatarna-breznik.si/tag/srebro/,https://www.zlatarna-breznik.si/tag/srebro/,200,MANUAL REVIEW,LOW,"Oznaka bloga brez lastne vsebine. Predlog: noindex,follow (URL ostane) ali 301 na najbližji članek, glede na GSC."
https://www.zlatarna-breznik.si/tag/zarocni-diamantni-prstan/,https://www.zlatarna-breznik.si/tag/zarocni-diamantni-prstan/,200,MANUAL REVIEW,LOW,"Oznaka bloga brez lastne vsebine. Predlog: noindex,follow (URL ostane) ali 301 na najbližji članek, glede na GSC."
https://www.zlatarna-breznik.si/tag/zaroka/,https://www.zlatarna-breznik.si/tag/zaroka/,200,MANUAL REVIEW,LOW,"Oznaka bloga brez lastne vsebine. Predlog: noindex,follow (URL ostane) ali 301 na najbližji članek, glede na GSC."
https://www.zlatarna-breznik.si/tag/zlati-prstani/,https://www.zlatarna-breznik.si/tag/zlati-prstani/,200,MANUAL REVIEW,LOW,"Oznaka bloga brez lastne vsebine. Predlog: noindex,follow (URL ostane) ali 301 na najbližji članek, glede na GSC."
https://www.zlatarna-breznik.si/tag/zlato/,https://www.zlatarna-breznik.si/tag/zlato/,200,MANUAL REVIEW,LOW,"Oznaka bloga brez lastne vsebine. Predlog: noindex,follow (URL ostane) ali 301 na najbližji članek, glede na GSC."
https://www.zlatarna-breznik.si/uncategorized/,https://www.zlatarna-breznik.si/swarovski-elements/,200,MANUAL REVIEW,LOW,Prazna kategorija (na prod 1 izdelek Swarovski). Predlog: 301 na /swarovski-elements/ ali /katalog/.
https://www.zlatarna-breznik.si/unikatna-porocna-prstana-iz-rumenega-zlata/,https://www.zlatarna-breznik.si/unikatna-porocna-prstana-iz-rumenega-zlata/,200,KEEP,LOW,Izdelek: 430 – Unikatna poročna prstana iz rumenega zlata
https://www.zlatarna-breznik.si/x-porocni-in-zarocni-prstan/,https://www.zlatarna-breznik.si/x-porocni-in-zarocni-prstan/,200,KEEP,LOW,Izdelek: x – Poročni in zaročni prstan
https://www.zlatarna-breznik.si/x1-kombinacija-porocna-in-zarocnega-prstana/,https://www.zlatarna-breznik.si/x1-kombinacija-porocna-in-zarocnega-prstana/,200,KEEP,LOW,Izdelek: x1 – Kombinacija poročna in zaročnega prstana
https://www.zlatarna-breznik.si/x2-unikatno-izdelana-porocna-in-zarocna-prstana/,https://www.zlatarna-breznik.si/x2-unikatno-izdelana-porocna-in-zarocna-prstana/,200,KEEP,LOW,Izdelek: x2 – Unikatno izdelana poročna in zaročna prstana
https://www.zlatarna-breznik.si/x3-porocna-in-zarocna-prstana/,https://www.zlatarna-breznik.si/x3-porocna-in-zarocna-prstana/,200,KEEP,LOW,Izdelek: x3 – Poročna in zaročna prstana
https://www.zlatarna-breznik.si/x4-unikatni-prstani-iz-srebra-in-mineralnimi-kamni/,https://www.zlatarna-breznik.si/x4-unikatni-prstani-iz-srebra-in-mineralnimi-kamni/,200,KEEP,LOW,Izdelek: X4 – Unikatni prstani iz srebra in mineralnimi kamni
https://www.zlatarna-breznik.si/x5-zarocni-prstani/,https://www.zlatarna-breznik.si/x5-zarocni-prstani/,200,KEEP,LOW,Izdelek: X5 – Zaročni prstani
https://www.zlatarna-breznik.si/x6-unikatni-zarocni-prstani/,https://www.zlatarna-breznik.si/x6-unikatni-zarocni-prstani/,200,KEEP,LOW,Izdelek: X6 – Unikatni zaročni prstani
https://www.zlatarna-breznik.si/y1-swarovski-element/,https://www.zlatarna-breznik.si/y1-swarovski-element/,200,KEEP,LOW,Izdelek: y1 – Swarovski element
https://www.zlatarna-breznik.si/y10-swarovski-element/,https://www.zlatarna-breznik.si/y10-swarovski-element/,200,KEEP,LOW,Izdelek: y10 – Swarovski element
https://www.zlatarna-breznik.si/y11-swarovski-element/,https://www.zlatarna-breznik.si/y11-swarovski-element/,200,KEEP,LOW,Izdelek: y11 – Swarovski element
https://www.zlatarna-breznik.si/y12-swarovski-element/,https://www.zlatarna-breznik.si/y12-swarovski-element/,200,KEEP,LOW,Izdelek: y12 – Swarovski element
https://www.zlatarna-breznik.si/y13-swarovski-element/,https://www.zlatarna-breznik.si/y13-swarovski-element/,200,KEEP,LOW,Izdelek: y13 – Swarovski element
https://www.zlatarna-breznik.si/y14-swarovski-element/,https://www.zlatarna-breznik.si/y14-swarovski-element/,200,KEEP,LOW,Izdelek: y14 – Swarovski element
https://www.zlatarna-breznik.si/y15-swarovski-element/,https://www.zlatarna-breznik.si/y15-swarovski-element/,200,KEEP,LOW,Izdelek: y15 – Swarovski element
https://www.zlatarna-breznik.si/y16-swarovski-element/,https://www.zlatarna-breznik.si/y16-swarovski-element/,200,KEEP,LOW,Izdelek: y16 – Swarovski element
https://www.zlatarna-breznik.si/y17-swarovski-element/,https://www.zlatarna-breznik.si/y17-swarovski-element/,200,KEEP,LOW,Izdelek: y17 – Swarovski element
https://www.zlatarna-breznik.si/y18-swarovski-element/,https://www.zlatarna-breznik.si/y18-swarovski-element/,200,KEEP,LOW,Izdelek: y18 – Swarovski element
https://www.zlatarna-breznik.si/y19-swarovski-element/,https://www.zlatarna-breznik.si/y19-swarovski-element/,200,KEEP,LOW,Izdelek: y19 – Swarovski element
https://www.zlatarna-breznik.si/y2-swarovski-element/,https://www.zlatarna-breznik.si/y2-swarovski-element/,200,KEEP,LOW,Izdelek: y2 – Swarovski element
https://www.zlatarna-breznik.si/y20-swarovski-element/,https://www.zlatarna-breznik.si/y20-swarovski-element/,200,KEEP,LOW,Izdelek: y20 – Swarovski element
https://www.zlatarna-breznik.si/y3-swarovski-element/,https://www.zlatarna-breznik.si/y3-swarovski-element/,200,KEEP,LOW,Izdelek: y3 – Swarovski element
https://www.zlatarna-breznik.si/y4-swarovski-elements/,https://www.zlatarna-breznik.si/y4-swarovski-elements/,200,KEEP,LOW,Izdelek: y4 – Swarovski elements
https://www.zlatarna-breznik.si/y5-swarovski-element/,https://www.zlatarna-breznik.si/y5-swarovski-element/,200,KEEP,LOW,Izdelek: y5 – Swarovski element
https://www.zlatarna-breznik.si/y6-swarovski-element/,https://www.zlatarna-breznik.si/y6-swarovski-element/,200,KEEP,LOW,Izdelek: y6 – Swarovski element
https://www.zlatarna-breznik.si/y7-swarovski-element/,https://www.zlatarna-breznik.si/y7-swarovski-element/,200,KEEP,LOW,Izdelek: y7 – Swarovski element
https://www.zlatarna-breznik.si/y8-swarovski-element/,https://www.zlatarna-breznik.si/y8-swarovski-element/,200,KEEP,LOW,Izdelek: y8 – Swarovski element
https://www.zlatarna-breznik.si/y9-swarovski-element/,https://www.zlatarna-breznik.si/y9-swarovski-element/,200,KEEP,LOW,Izdelek: y9 – Swarovski element
